{
  "hasZ" : true,
  "hasM" : true,
  "type" : "FeatureCollection",
  "features" : [
    {
      "type" : "Feature",
      "id" : 0,
      "geometry" : {
        "type" : "Polygon",
        "coordinates" : [
          [
            [
              96.074707457000088,
              5.2939896270000624,
              0,
              null
            ],
            [
              96.075061824000002,
              5.2946162510000399,
              0,
              null
            ],
            [
              96.075079799000065,
              5.294607992000067,
              0,
              null
            ],
            [
              96.075364681000011,
              5.2944771010000728,
              0,
              null
            ],
            [
              96.075986766000057,
              5.2942479120000279,
              0,
              null
            ],
            [
              96.076183214000068,
              5.2941333170000497,
              0,
              null
            ],
            [
              96.07633055000008,
              5.2939777960000605,
              0,
              null
            ],
            [
              96.076494257000036,
              5.2938550160000268,
              0,
              null
            ],
            [
              96.076682519000073,
              5.2938059040000489,
              0,
              null
            ],
            [
              96.07687896700007,
              5.2938795720000158,
              0,
              null
            ],
            [
              96.07694445000007,
              5.2939614250000382,
              0,
              null
            ],
            [
              96.07695263500004,
              5.2941005760000941,
              0,
              null
            ],
            [
              96.07687896700007,
              5.2942970240000946,
              0,
              null
            ],
            [
              96.076764373000103,
              5.2944852860000395,
              0,
              null
            ],
            [
              96.076641593000062,
              5.2946735490000734,
              0,
              null
            ],
            [
              96.076453330000035,
              5.2949272940000185,
              0,
              null
            ],
            [
              96.076273253000053,
              5.29509918600003,
              0,
              null
            ],
            [
              96.076068620000086,
              5.2952383360000859,
              0,
              null
            ],
            [
              96.075585685000092,
              5.2956066760000091,
              0,
              null
            ],
            [
              96.075274643000029,
              5.2958686070000098,
              0,
              null
            ],
            [
              96.075008000000082,
              5.2960450320000412,
              0,
              null
            ],
            [
              96.07357312000002,
              5.2967868020000424,
              0,
              null
            ],
            [
              96.073540698000087,
              5.2967988660000636,
              0,
              null
            ],
            [
              96.072988475000045,
              5.2971976940000225,
              0,
              null
            ],
            [
              96.071393166000036,
              5.2984555340000021,
              0,
              null
            ],
            [
              96.069787631000068,
              5.2997645050000379,
              0,
              null
            ],
            [
              96.068550243000089,
              5.3009303080000407,
              0,
              null
            ],
            [
              96.066903803000017,
              5.3025972020001149,
              0,
              null
            ],
            [
              96.065686868000057,
              5.3040595680000528,
              0,
              null
            ],
            [
              96.064766498000012,
              5.3051231080000321,
              0,
              null
            ],
            [
              96.062946209000046,
              5.307352450000014,
              0,
              null
            ],
            [
              96.061811085000087,
              5.309019343000088,
              0,
              null
            ],
            [
              96.060645282000081,
              5.3106044260000544,
              0,
              null
            ],
            [
              96.060591654000092,
              5.3107369200000925,
              0,
              null
            ],
            [
              96.060352789000049,
              5.3111015030000601,
              0,
              null
            ],
            [
              96.059992634000082,
              5.3116581060000172,
              0,
              null
            ],
            [
              96.059566997000047,
              5.3123456730000633,
              0,
              null
            ],
            [
              96.059067692000028,
              5.3132542450000102,
              0,
              null
            ],
            [
              96.05894908500008,
              5.3135136980000723,
              0,
              null
            ],
            [
              96.058777230000061,
              5.3137113309999933,
              0,
              null
            ],
            [
              96.058479797000061,
              5.3141277370000743,
              0,
              null
            ],
            [
              96.05808718600008,
              5.3146750130000591,
              0,
              null
            ],
            [
              96.057813548000084,
              5.3150557270000292,
              0,
              null
            ],
            [
              96.057432835000029,
              5.3156743870000582,
              0,
              null
            ],
            [
              96.057064018000062,
              5.3163049440000059,
              0,
              null
            ],
            [
              96.056504845000077,
              5.3172567280000642,
              0,
              null
            ],
            [
              96.056112234000096,
              5.3179110800000267,
              0,
              null
            ],
            [
              96.055077168000082,
              5.3194577300000994,
              0,
              null
            ],
            [
              96.054755941000053,
              5.3200525950000248,
              0,
              null
            ],
            [
              96.054410919000105,
              5.3206355630000317,
              0,
              null
            ],
            [
              96.054066970000065,
              5.3212819500000457,
              0,
              null
            ],
            [
              96.053752729000095,
              5.3216284210001135,
              0,
              null
            ],
            [
              96.053507297000039,
              5.3220783800000397,
              0,
              null
            ],
            [
              96.053323223000078,
              5.3224158490000733,
              0,
              null
            ],
            [
              96.053026659000054,
              5.3228453560000837,
              0,
              null
            ],
            [
              96.05249488900003,
              5.3235816519999872,
              0,
              null
            ],
            [
              96.051768819000074,
              5.3242668170000123,
              0,
              null
            ],
            [
              96.051124559000058,
              5.3247576810000368,
              0,
              null
            ],
            [
              96.050429168000079,
              5.3252383190000145,
              0,
              null
            ],
            [
              96.050267200000093,
              5.3253749800000421,
              0,
              null
            ],
            [
              96.050235723000057,
              5.3254258280000748,
              0,
              null
            ],
            [
              96.050145684000071,
              5.3255567939999864,
              0,
              null
            ],
            [
              96.049957421000045,
              5.3257041300000978,
              0,
              null
            ],
            [
              96.049793715000078,
              5.3257696120000091,
              0,
              null
            ],
            [
              96.049580896000066,
              5.325884207000076,
              0,
              null
            ],
            [
              96.049367555000089,
              5.3259990830000774,
              0,
              null
            ],
            [
              96.049191781000019,
              5.3261382370000447,
              0,
              null
            ],
            [
              96.04910883400008,
              5.3262031520000868,
              0,
              null
            ],
            [
              96.048909699000035,
              5.326072469000021,
              0,
              null
            ],
            [
              96.048713251000038,
              5.3265308480000222,
              0,
              null
            ],
            [
              96.048927488000089,
              5.3267584750001156,
              0,
              null
            ],
            [
              96.048987254000053,
              5.3268438550000745,
              0,
              null
            ],
            [
              96.049012820000129,
              5.3268694210000582,
              0,
              null
            ],
            [
              96.049076599000074,
              5.3269310610000069,
              0,
              null
            ],
            [
              96.049025591000031,
              5.3269601850001074,
              0,
              null
            ],
            [
              96.048931612000075,
              5.3270138440000174,
              0,
              null
            ],
            [
              96.048605495000089,
              5.3271488200000832,
              0,
              null
            ],
            [
              96.048087956000074,
              5.3273552630001113,
              0,
              null
            ],
            [
              96.047478710000036,
              5.3275526650000131,
              0,
              null
            ],
            [
              96.047030421000059,
              5.3277198670000807,
              0,
              null
            ],
            [
              96.046382733000115,
              5.3280377850000065,
              0,
              null
            ],
            [
              96.045987142000072,
              5.3282168170000759,
              0,
              null
            ],
            [
              96.04590329800007,
              5.328254762000018,
              0,
              null
            ],
            [
              96.045547818000045,
              5.3284403190000056,
              0,
              null
            ],
            [
              96.045262019000035,
              5.3285895040000035,
              0,
              null
            ],
            [
              96.044791325000077,
              5.3288556609999986,
              0,
              null
            ],
            [
              96.044278304000088,
              5.3291255260000341,
              0,
              null
            ],
            [
              96.043915038000051,
              5.3293249990000184,
              0,
              null
            ],
            [
              96.043446910000043,
              5.3295615430000502,
              0,
              null
            ],
            [
              96.042923673000089,
              5.3298338770000235,
              0,
              null
            ],
            [
              96.042380329000068,
              5.330137573000016,
              0,
              null
            ],
            [
              96.04218936400008,
              5.3302381059999853,
              0,
              null
            ],
            [
              96.041878294000099,
              5.3304018680000347,
              0,
              null
            ],
            [
              96.041379431000038,
              5.3307339470000663,
              0,
              null
            ],
            [
              96.040823418000045,
              5.3310533720000279,
              0,
              null
            ],
            [
              96.040339586000059,
              5.331331639000048,
              0,
              null
            ],
            [
              96.039982847000033,
              5.3315042070000267,
              0,
              null
            ],
            [
              96.039948082000095,
              5.3315210249999971,
              0,
              null
            ],
            [
              96.039515946000037,
              5.3317476990001005,
              0,
              null
            ],
            [
              96.039072034000085,
              5.3320653490000929,
              0,
              null
            ],
            [
              96.038718599000063,
              5.3323003880000002,
              0,
              null
            ],
            [
              96.038541910000092,
              5.3324178890000411,
              0,
              null
            ],
            [
              96.038037240000079,
              5.3327179800000017,
              0,
              null
            ],
            [
              96.037560030000037,
              5.3330283020000984,
              0,
              null
            ],
            [
              96.037256096000107,
              5.3332469910000739,
              0,
              null
            ],
            [
              96.036895133000087,
              5.3334524040001057,
              0,
              null
            ],
            [
              96.036377243000047,
              5.3337890909999857,
              0,
              null
            ],
            [
              96.035941656000062,
              5.334039487000009,
              0,
              null
            ],
            [
              96.035577011000001,
              5.3342888340000343,
              0,
              null
            ],
            [
              96.035147270000067,
              5.3346280220000324,
              0,
              null
            ],
            [
              96.034756207000029,
              5.3349014350000949,
              0,
              null
            ],
            [
              96.034426402000108,
              5.3351259050000159,
              0,
              null
            ],
            [
              96.034136312999991,
              5.3353085110000258,
              0,
              null
            ],
            [
              96.033800534000093,
              5.3355248390000725,
              0,
              null
            ],
            [
              96.033442593000061,
              5.3357236050000871,
              0,
              null
            ],
            [
              96.032935430000109,
              5.3360314360000665,
              0,
              null
            ],
            [
              96.032454330000093,
              5.3363046020000198,
              0,
              null
            ],
            [
              96.032452132000088,
              5.3363062430000667,
              0,
              null
            ],
            [
              96.031761436000053,
              5.336778879000093,
              0,
              null
            ],
            [
              96.031065683000037,
              5.3372781840001053,
              0,
              null
            ],
            [
              96.030879595000002,
              5.3374255030000377,
              0,
              null
            ],
            [
              96.030615392000087,
              5.3376196130001112,
              0,
              null
            ],
            [
              96.030394486000006,
              5.3377365630000178,
              0,
              null
            ],
            [
              96.030206223000064,
              5.3378266010000956,
              0,
              null
            ],
            [
              96.030009776000071,
              5.3379084550000293,
              0,
              null
            ],
            [
              96.029837884000059,
              5.3379903080000517,
              0,
              null
            ],
            [
              96.029682362000059,
              5.3380885320000075,
              0,
              null
            ],
            [
              96.029575953000048,
              5.3381867560000522,
              0,
              null
            ],
            [
              96.029469544000037,
              5.3383013500000303,
              0,
              null
            ],
            [
              96.029354949000066,
              5.3383995740000749,
              0,
              null
            ],
            [
              96.02920761300004,
              5.338538725000042,
              0,
              null
            ],
            [
              96.029060277000013,
              5.3386369489999979,
              0,
              null
            ],
            [
              96.02884745900009,
              5.3387597290000315,
              0,
              null
            ],
            [
              96.028667382000023,
              5.3388743230000095,
              0,
              null
            ],
            [
              96.028479119000067,
              5.3389971030000432,
              0,
              null
            ],
            [
              96.028217189000074,
              5.3391935510000437,
              0,
              null
            ],
            [
              96.027906146000092,
              5.3393899990000442,
              0,
              null
            ],
            [
              96.027668772000084,
              5.3395045940000223,
              0,
              null
            ],
            [
              96.027324988000061,
              5.339741968000034,
              0,
              null
            ],
            [
              96.026956648000052,
              5.3399957130000679,
              0,
              null
            ],
            [
              96.026752015000085,
              5.3401921610000684,
              0,
              null
            ],
            [
              96.026421150000061,
              5.3404843540000861,
              0,
              null
            ],
            [
              96.026141609000021,
              5.3406698670000701,
              0,
              null
            ],
            [
              96.02520078600007,
              5.3412732210000762,
              0,
              null
            ],
            [
              96.024045210000025,
              5.3418765750000823,
              0,
              null
            ],
            [
              96.023667305000018,
              5.3421993680000561,
              0,
              null
            ],
            [
              96.023335083000063,
              5.3424503350000379,
              0,
              null
            ],
            [
              96.022995987000073,
              5.3426903000000863,
              0,
              null
            ],
            [
              96.022651165000056,
              5.3430161000000425,
              0,
              null
            ],
            [
              96.021979968000039,
              5.3432289180000652,
              0,
              null
            ],
            [
              96.0213045550001,
              5.3435901980001148,
              0,
              null
            ],
            [
              96.021342734000072,
              5.3438222880000446,
              0,
              null
            ],
            [
              96.021283253000036,
              5.3438542040000208,
              0,
              null
            ],
            [
              96.021276001000047,
              5.3442754830000609,
              0,
              null
            ],
            [
              96.021263860000019,
              5.3443139290000445,
              0,
              null
            ],
            [
              96.021071043000063,
              5.3441815420000154,
              0,
              null
            ],
            [
              96.020658343000022,
              5.3437225920000557,
              0,
              null
            ],
            [
              96.020701643000052,
              5.3433489410000483,
              0,
              null
            ],
            [
              96.021618658000065,
              5.3424810480000033,
              0,
              null
            ],
            [
              96.022453597000052,
              5.3414258230000904,
              0,
              null
            ],
            [
              96.022845992000015,
              5.340459421000066,
              0,
              null
            ],
            [
              96.02323838600006,
              5.3394930190000416,
              0,
              null
            ],
            [
              96.023630777000022,
              5.338526615000017,
              0,
              null
            ],
            [
              96.023917783000059,
              5.33824159600006,
              0,
              null
            ],
            [
              96.024882353000109,
              5.3380537490000606,
              0,
              null
            ],
            [
              96.025190796000047,
              5.3376410520000199,
              0,
              null
            ],
            [
              96.025363912000074,
              5.3371571000000344,
              0,
              null
            ],
            [
              96.025353552000098,
              5.3365846710000113,
              0,
              null
            ],
            [
              96.025072314000099,
              5.3355928620000164,
              0,
              null
            ],
            [
              96.02466254600003,
              5.3348087710000662,
              0,
              null
            ],
            [
              96.024544128000102,
              5.3339843000000613,
              0,
              null
            ],
            [
              96.024168125000074,
              5.3334874290000727,
              0,
              null
            ],
            [
              96.023798279000019,
              5.3333386370000184,
              0,
              null
            ],
            [
              96.023462431000041,
              5.3333895100000532,
              0,
              null
            ],
            [
              96.023322096000058,
              5.3334938290000693,
              0,
              null
            ],
            [
              96.022973464000074,
              5.3340206400000483,
              0,
              null
            ],
            [
              96.022690036000071,
              5.3340752670000384,
              0,
              null
            ],
            [
              96.021950981000032,
              5.3335064350000465,
              0,
              null
            ],
            [
              96.021211926000078,
              5.3329376040000547,
              0,
              null
            ],
            [
              96.020438504000126,
              5.3325089370000249,
              0,
              null
            ],
            [
              96.020254720000111,
              5.3323037280000989,
              0,
              null
            ],
            [
              96.020118489000112,
              5.3319064030000867,
              0,
              null
            ],
            [
              96.020059529000036,
              5.3304329670000321,
              0,
              null
            ],
            [
              96.019779150000019,
              5.33004840400001,
              0,
              null
            ],
            [
              96.018981048000057,
              5.3299293390000173,
              0,
              null
            ],
            [
              96.018441705000015,
              5.3298380930000171,
              0,
              null
            ],
            [
              96.017472892000058,
              5.3298173200000747,
              0,
              null
            ],
            [
              96.016504080000104,
              5.3297965470000435,
              0,
              null
            ],
            [
              96.015535270000058,
              5.3297757710001008,
              0,
              null
            ],
            [
              96.014566459000008,
              5.3297549940000692,
              0,
              null
            ],
            [
              96.014205535000087,
              5.329684216000075,
              0,
              null
            ],
            [
              96.013996600000027,
              5.3295479099999881,
              0,
              null
            ],
            [
              96.012545243000019,
              5.3294154370000406,
              0,
              null
            ],
            [
              96.011900527000051,
              5.3292606810000258,
              0,
              null
            ],
            [
              96.011509605000043,
              5.3292875460000282,
              0,
              null
            ],
            [
              96.011294712000023,
              5.3294059630000561,
              0,
              null
            ],
            [
              96.010811221000083,
              5.3299099970001045,
              0,
              null
            ],
            [
              96.010598115000036,
              5.3300148890000791,
              0,
              null
            ],
            [
              96.010057337000049,
              5.3300883010000248,
              0,
              null
            ],
            [
              96.008719457000026,
              5.3295189000000747,
              0,
              null
            ],
            [
              96.008258297000054,
              5.3291489770000204,
              0,
              null
            ],
            [
              96.007724557000031,
              5.3284989350000593,
              0,
              null
            ],
            [
              96.007251317000055,
              5.328291634000049,
              0,
              null
            ],
            [
              96.006627894000076,
              5.3283417940000248,
              0,
              null
            ],
            [
              96.006285534000071,
              5.3285257380000566,
              0,
              null
            ],
            [
              96.006150476000087,
              5.3286991170000135,
              0,
              null
            ],
            [
              96.006048444000086,
              5.3291347250000847,
              0,
              null
            ],
            [
              96.005576193000095,
              5.3293961770000458,
              0,
              null
            ],
            [
              96.005575309000022,
              5.3293966659999974,
              0,
              null
            ],
            [
              96.005005984000078,
              5.3294523810000776,
              0,
              null
            ],
            [
              96.004350161000076,
              5.3294033100000142,
              0,
              null
            ],
            [
              96.003908121000009,
              5.3292902510000744,
              0,
              null
            ],
            [
              96.003624267000063,
              5.3293196200000175,
              0,
              null
            ],
            [
              96.002966858000022,
              5.3288360000000594,
              0,
              null
            ],
            [
              96.002508796000043,
              5.3282113859999818,
              0,
              null
            ],
            [
              96.00162092900004,
              5.3277445760000823,
              0,
              null
            ],
            [
              96.001099460000063,
              5.3273189400000369,
              0,
              null
            ],
            [
              96.000983992000002,
              5.3265219680000868,
              0,
              null
            ],
            [
              96.001001851000069,
              5.3261394280000545,
              0,
              null
            ],
            [
              96.001029682000052,
              5.3258336720000692,
              0,
              null
            ],
            [
              96.001223219000082,
              5.3252732700000642,
              0,
              null
            ],
            [
              96.001212649000095,
              5.325116035000022,
              0,
              null
            ],
            [
              96.000801330000087,
              5.3248425050000385,
              0,
              null
            ],
            [
              96.000193140000121,
              5.3245467169999898,
              0,
              null
            ],
            [
              96.000022103000092,
              5.3243981760000452,
              0,
              null
            ],
            [
              96.000000000000043,
              5.324349579000021,
              0,
              null
            ],
            [
              95.9997924420001,
              5.3241565610000379,
              0,
              null
            ],
            [
              95.999530295000071,
              5.3238732640000457,
              0,
              null
            ],
            [
              95.99932351000011,
              5.3237690180000357,
              0,
              null
            ],
            [
              95.998953682000064,
              5.3237513280000819,
              0,
              null
            ],
            [
              95.998619274000106,
              5.3238153320000485,
              0,
              null
            ],
            [
              95.998308751000081,
              5.3239883700000661,
              0,
              null
            ],
            [
              95.998145471000072,
              5.3240281479999823,
              0,
              null
            ],
            [
              95.997639368000122,
              5.323999428000004,
              0,
              null
            ],
            [
              95.997247583000032,
              5.3238840420000493,
              0,
              null
            ],
            [
              95.997118753000024,
              5.3237336090000369,
              0,
              null
            ],
            [
              95.99691468200011,
              5.3233486000000667,
              0,
              null
            ],
            [
              95.997218093000072,
              5.3232653930000211,
              0,
              null
            ],
            [
              95.996805504000051,
              5.3223699850000088,
              0,
              null
            ],
            [
              95.996758080000035,
              5.3223184300000952,
              0,
              null
            ],
            [
              95.996717826000079,
              5.322237895000093,
              0,
              null
            ],
            [
              95.996592418000006,
              5.3219007789999999,
              0,
              null
            ],
            [
              95.996550182000064,
              5.3217150310000854,
              0,
              null
            ],
            [
              95.996339060000082,
              5.3211533710000651,
              0,
              null
            ],
            [
              95.996194494000022,
              5.3209044020000711,
              0,
              null
            ],
            [
              95.995338653000005,
              5.3212345710000335,
              0,
              null
            ],
            [
              95.994932956000099,
              5.3214070340000923,
              0,
              null
            ],
            [
              95.994420983000012,
              5.3216074210000635,
              0,
              null
            ],
            [
              95.993351977000032,
              5.322118775000007,
              0,
              null
            ],
            [
              95.992870616000076,
              5.3223646780000138,
              0,
              null
            ],
            [
              95.99243842700011,
              5.3225646730000413,
              0,
              null
            ],
            [
              95.992178878000047,
              5.3220022670000482,
              0,
              null
            ],
            [
              95.991773208000055,
              5.3213129710000366,
              0,
              null
            ],
            [
              95.991530825000069,
              5.3208826190000451,
              0,
              null
            ],
            [
              95.991106803000065,
              5.3202146530000221,
              0,
              null
            ],
            [
              95.990985944000016,
              5.3200932630000146,
              0,
              null
            ],
            [
              95.990846226000087,
              5.3198782030000729,
              0,
              null
            ],
            [
              95.99067299400005,
              5.3196282199999949,
              0,
              null
            ],
            [
              95.990610331000113,
              5.3195427900000318,
              0,
              null
            ],
            [
              95.990487357000063,
              5.3194576500000927,
              0,
              null
            ],
            [
              95.990426915000029,
              5.3194306649999916,
              0,
              null
            ],
            [
              95.990309255000071,
              5.3190854160000249,
              0,
              null
            ],
            [
              95.990122757000094,
              5.318585865000081,
              0,
              null
            ],
            [
              95.989991565000068,
              5.3182288690000306,
              0,
              null
            ],
            [
              95.98995557900011,
              5.318028187000035,
              0,
              null
            ],
            [
              95.990130939000053,
              5.317831902000048,
              0,
              null
            ],
            [
              95.990735486000077,
              5.3176191690000323,
              0,
              null
            ],
            [
              95.991123110000089,
              5.3175451740000383,
              0,
              null
            ],
            [
              95.991898009000067,
              5.317325076000035,
              0,
              null
            ],
            [
              95.99260099500006,
              5.3170398250000588,
              0,
              null
            ],
            [
              95.992923851000043,
              5.3167945950000188,
              0,
              null
            ],
            [
              95.994232154000017,
              5.3162640279999955,
              0,
              null
            ],
            [
              95.994294634000127,
              5.3162093770000922,
              0,
              null
            ],
            [
              95.994286251000062,
              5.3161197590000491,
              0,
              null
            ],
            [
              95.994355354000092,
              5.3159051360000547,
              0,
              null
            ],
            [
              95.994384102000069,
              5.3157461210000427,
              0,
              null
            ],
            [
              95.994371672000014,
              5.3156355810000449,
              0,
              null
            ],
            [
              95.994235921000069,
              5.3153607820000452,
              0,
              null
            ],
            [
              95.994092698000031,
              5.3150258270000421,
              0,
              null
            ],
            [
              95.993974630000125,
              5.3146841580000164,
              0,
              null
            ],
            [
              95.994012376000043,
              5.3145224460000478,
              0,
              null
            ],
            [
              95.994075088999992,
              5.3143604800000581,
              0,
              null
            ],
            [
              95.994074545000032,
              5.3142480570000821,
              0,
              null
            ],
            [
              95.994018648000036,
              5.3140578930000686,
              0,
              null
            ],
            [
              95.993715547000093,
              5.3130680270000568,
              0,
              null
            ],
            [
              95.99321900800004,
              5.3116744860000402,
              0,
              null
            ],
            [
              95.993145388000073,
              5.311521717000101,
              0,
              null
            ],
            [
              95.994690911000049,
              5.3111965180000169,
              0,
              null
            ],
            [
              95.994207120000084,
              5.3099692860000829,
              0,
              null
            ],
            [
              95.993954848000087,
              5.3093282180000649,
              0,
              null
            ],
            [
              95.993396479000069,
              5.3080038800000899,
              0,
              null
            ],
            [
              95.993978213000062,
              5.3077124530000468,
              0,
              null
            ],
            [
              95.993929296000005,
              5.3075271560000807,
              0,
              null
            ],
            [
              95.994597055000014,
              5.3072937220000398,
              0,
              null
            ],
            [
              95.994212273000059,
              5.3064759620000572,
              0,
              null
            ],
            [
              95.995080020000003,
              5.3060650310000739,
              0,
              null
            ],
            [
              95.994939785000042,
              5.3058557929999921,
              0,
              null
            ],
            [
              95.994877889000065,
              5.3057634280000769,
              0,
              null
            ],
            [
              95.994811698000007,
              5.3056646610000762,
              0,
              null
            ],
            [
              95.994741623000081,
              5.3055601030000403,
              0,
              null
            ],
            [
              95.994668061000112,
              5.3054503500000187,
              0,
              null
            ],
            [
              95.99459141300008,
              5.3053359850000597,
              0,
              null
            ],
            [
              95.994512077000095,
              5.3052176230000363,
              0,
              null
            ],
            [
              95.994430463000086,
              5.3050958569999977,
              0,
              null
            ],
            [
              95.994346961000105,
              5.3049712899999939,
              0,
              null
            ],
            [
              95.994261970000096,
              5.3048445080000732,
              0,
              null
            ],
            [
              95.994175908000074,
              5.3047161140000192,
              0,
              null
            ],
            [
              95.994089156000086,
              5.30458672000006,
              0,
              null
            ],
            [
              95.994002122000083,
              5.3044569030000659,
              0,
              null
            ],
            [
              95.99391521600009,
              5.3043272750000874,
              0,
              null
            ],
            [
              95.99382881800004,
              5.3041984309999961,
              0,
              null
            ],
            [
              95.993743347000077,
              5.3040709740001084,
              0,
              null
            ],
            [
              95.993659201000042,
              5.3039454970000293,
              0,
              null
            ],
            [
              95.993576770000061,
              5.3038225960000744,
              0,
              null
            ],
            [
              95.993496473000079,
              5.3037028740000274,
              0,
              null
            ],
            [
              95.993418691000045,
              5.303586925000026,
              0,
              null
            ],
            [
              95.993343833000068,
              5.3034753520000315,
              0,
              null
            ],
            [
              95.993272306000094,
              5.3033687590000049,
              0,
              null
            ],
            [
              95.993204501000079,
              5.3032677320000836,
              0,
              null
            ],
            [
              95.993075192000035,
              5.3030751320000462,
              0,
              null
            ],
            [
              95.992950614000037,
              5.3028897010000691,
              0,
              null
            ],
            [
              95.992830974000086,
              5.3027117800000028,
              0,
              null
            ],
            [
              95.992716474000119,
              5.3025416940000518,
              0,
              null
            ],
            [
              95.992607295000056,
              5.3023797490000639,
              0,
              null
            ],
            [
              95.992503646000088,
              5.3022262880000675,
              0,
              null
            ],
            [
              95.992405717000068,
              5.3020816260000885,
              0,
              null
            ],
            [
              95.992313709000101,
              5.3019460960000657,
              0,
              null
            ],
            [
              95.992227812000095,
              5.3018200130000253,
              0,
              null
            ],
            [
              95.992148236000077,
              5.3017037110000835,
              0,
              null
            ],
            [
              95.99209415200005,
              5.301625113000064,
              0,
              null
            ],
            [
              95.992075161000074,
              5.3015975140000009,
              0,
              null
            ],
            [
              95.991966177000023,
              5.301440419000059,
              0,
              null
            ],
            [
              95.991859141000049,
              5.3012872630000878,
              0,
              null
            ],
            [
              95.991755084000062,
              5.3011389080000697,
              0,
              null
            ],
            [
              95.991655056000042,
              5.3009962250000768,
              0,
              null
            ],
            [
              95.991560098000008,
              5.3008600850000924,
              0,
              null
            ],
            [
              95.991471242000017,
              5.3007313700000118,
              0,
              null
            ],
            [
              95.991389527000095,
              5.3006109310000831,
              0,
              null
            ],
            [
              95.991297248000109,
              5.3004713809999942,
              0,
              null
            ],
            [
              95.991203764000005,
              5.300326850000026,
              0,
              null
            ],
            [
              95.991111876000048,
              5.3001824380000677,
              0,
              null
            ],
            [
              95.991024365999991,
              5.3000432720000106,
              0,
              null
            ],
            [
              95.990944018000008,
              5.2999144430000094,
              0,
              null
            ],
            [
              95.990873613000048,
              5.2998010770000441,
              0,
              null
            ],
            [
              95.990779601999989,
              5.2996499260000611,
              0,
              null
            ],
            [
              95.990693111000027,
              5.2995126250000695,
              0,
              null
            ],
            [
              95.990617227000058,
              5.2993957260000784,
              0,
              null
            ],
            [
              95.990555002000065,
              5.2993057650000068,
              0,
              null
            ],
            [
              95.990453124000069,
              5.2991850170000525,
              0,
              null
            ],
            [
              95.990367422000091,
              5.2991122710000731,
              0,
              null
            ],
            [
              95.990174144000079,
              5.2990174600000444,
              0,
              null
            ],
            [
              95.990075959000038,
              5.2989803880000856,
              0,
              null
            ],
            [
              95.98993731500012,
              5.2989339530000628,
              0,
              null
            ],
            [
              95.989797216000071,
              5.2988935070000913,
              0,
              null
            ],
            [
              95.989935224000121,
              5.2987305990000237,
              0,
              null
            ],
            [
              95.99008060400007,
              5.2986191330000381,
              0,
              null
            ],
            [
              95.990453558000112,
              5.298375048000004,
              0,
              null
            ],
            [
              95.991177366000045,
              5.298059634000019,
              0,
              null
            ],
            [
              95.992106006000057,
              5.2976506830000218,
              0,
              null
            ],
            [
              95.992509969000082,
              5.2975000259999909,
              0,
              null
            ],
            [
              95.99325023300004,
              5.2972139500000353,
              0,
              null
            ],
            [
              95.993481051000046,
              5.2976970420000384,
              0,
              null
            ],
            [
              95.994076680000035,
              5.2974743860000011,
              0,
              null
            ],
            [
              95.994845673000071,
              5.2971602220000307,
              0,
              null
            ],
            [
              95.99503888100007,
              5.2975161110000784,
              0,
              null
            ],
            [
              95.99516455800007,
              5.2976308160000656,
              0,
              null
            ],
            [
              95.995984165000039,
              5.2972949180000732,
              0,
              null
            ],
            [
              95.996153384000095,
              5.2979593770000726,
              0,
              null
            ],
            [
              95.996794168000079,
              5.298706324000058,
              0,
              null
            ],
            [
              95.997727747000056,
              5.2987574050000212,
              0,
              null
            ],
            [
              95.9991279810001,
              5.2989869980000108,
              0,
              null
            ],
            [
              96.000000001000032,
              5.2988370970000425,
              0,
              null
            ],
            [
              96.00017232800009,
              5.2988377350000953,
              0,
              null
            ],
            [
              96.001971968000035,
              5.2988331210000688,
              0,
              null
            ],
            [
              96.002957951000084,
              5.298831131999993,
              0,
              null
            ],
            [
              96.003943936000042,
              5.2988291400000946,
              0,
              null
            ],
            [
              96.004866315000072,
              5.2989476650000427,
              0,
              null
            ],
            [
              96.005773897000026,
              5.2990642860000108,
              0,
              null
            ],
            [
              96.005788696000096,
              5.2990661880000793,
              0,
              null
            ],
            [
              96.006391004000093,
              5.2991435820000881,
              0,
              null
            ],
            [
              96.006711078000109,
              5.2991847100000271,
              0,
              null
            ],
            [
              96.007633461000054,
              5.2993032300000635,
              0,
              null
            ],
            [
              96.008555846000078,
              5.2994217500000111,
              0,
              null
            ],
            [
              96.009478231000102,
              5.2995402690000475,
              0,
              null
            ],
            [
              96.010419369000076,
              5.2996371819999837,
              0,
              null
            ],
            [
              96.011360509000056,
              5.2997340950000975,
              0,
              null
            ],
            [
              96.012301651000115,
              5.2998310060000335,
              0,
              null
            ],
            [
              96.013242793000089,
              5.2999279160000583,
              0,
              null
            ],
            [
              96.014183935000077,
              5.3000248249999942,
              0,
              null
            ],
            [
              96.015125079000043,
              5.3001217330000188,
              0,
              null
            ],
            [
              96.015773280000033,
              5.3002722940000417,
              0,
              null
            ],
            [
              96.016405872000064,
              5.3003402509999802,
              0,
              null
            ],
            [
              96.016731678000014,
              5.3002979520000331,
              0,
              null
            ],
            [
              96.01708388400003,
              5.3000133690000233,
              0,
              null
            ],
            [
              96.017084564000086,
              5.2986974790000367,
              0,
              null
            ],
            [
              96.017085243000054,
              5.2973815890000502,
              0,
              null
            ],
            [
              96.016861569000113,
              5.2966981590000799,
              0,
              null
            ],
            [
              96.016838445000062,
              5.2959499180000762,
              0,
              null
            ],
            [
              96.015885641000096,
              5.2949311210000687,
              0,
              null
            ],
            [
              96.015828292000052,
              5.2946644830000338,
              0,
              null
            ],
            [
              96.015813502000071,
              5.2937156120000388,
              0,
              null
            ],
            [
              96.015798710000098,
              5.2927667420000439,
              0,
              null
            ],
            [
              96.015783919000029,
              5.2918178700000489,
              0,
              null
            ],
            [
              96.015769125000048,
              5.290869000000054,
              0,
              null
            ],
            [
              96.015865523000031,
              5.2897476270000858,
              0,
              null
            ],
            [
              96.016153552000063,
              5.2890036669999922,
              0,
              null
            ],
            [
              96.016533984000006,
              5.2884796950000705,
              0,
              null
            ],
            [
              96.016877675000018,
              5.2882273760000658,
              0,
              null
            ],
            [
              96.017631328000022,
              5.2880877540000597,
              0,
              null
            ],
            [
              96.018764381000068,
              5.2880513870000705,
              0,
              null
            ],
            [
              96.019897435000118,
              5.2880150169999922,
              0,
              null
            ],
            [
              96.020366029000073,
              5.288529269999998,
              0,
              null
            ],
            [
              96.021574369000049,
              5.2894809240000455,
              0,
              null
            ],
            [
              96.022010623000085,
              5.2902089660000655,
              0,
              null
            ],
            [
              96.021831717000026,
              5.291180881000102,
              0,
              null
            ],
            [
              96.021818474999989,
              5.2917273840001116,
              0,
              null
            ],
            [
              96.022220016000091,
              5.2924111630000219,
              0,
              null
            ],
            [
              96.022674688000052,
              5.2925604690000299,
              0,
              null
            ],
            [
              96.023315746000065,
              5.2927709810000394,
              0,
              null
            ],
            [
              96.024411477000044,
              5.2931307970000567,
              0,
              null
            ],
            [
              96.025507211000019,
              5.2934906119999852,
              0,
              null
            ],
            [
              96.026356547000049,
              5.2938335770000293,
              0,
              null
            ],
            [
              96.027940706000024,
              5.2941721640000665,
              0,
              null
            ],
            [
              96.028849510000072,
              5.2941162870000618,
              0,
              null
            ],
            [
              96.029758314000048,
              5.294060410000057,
              0,
              null
            ],
            [
              96.030667118000096,
              5.294004530000052,
              0,
              null
            ],
            [
              96.031575924000066,
              5.293948650000047,
              0,
              null
            ],
            [
              96.032484729000032,
              5.2938927680000418,
              0,
              null
            ],
            [
              96.032530283000071,
              5.2938899670000765,
              0,
              null
            ],
            [
              96.033393536000091,
              5.2938368850000366,
              0,
              null
            ],
            [
              96.03430234300005,
              5.2937809990000311,
              0,
              null
            ],
            [
              96.035211150000109,
              5.2937251130000256,
              0,
              null
            ],
            [
              96.036119958000072,
              5.2936692250000199,
              0,
              null
            ],
            [
              96.037028767000038,
              5.2936133360000142,
              0,
              null
            ],
            [
              96.037949885000046,
              5.2938172920000142,
              0,
              null
            ],
            [
              96.038871003000054,
              5.2940212470000141,
              0,
              null
            ],
            [
              96.039792123000069,
              5.2942252010001027,
              0,
              null
            ],
            [
              96.040823077000098,
              5.2943485860000976,
              0,
              null
            ],
            [
              96.04185403300005,
              5.2944719700000924,
              0,
              null
            ],
            [
              96.04288499000009,
              5.2945953529999983,
              0,
              null
            ],
            [
              96.043915948000034,
              5.2947187340000816,
              0,
              null
            ],
            [
              96.04538219100003,
              5.2943393890000472,
              0,
              null
            ],
            [
              96.046146781000047,
              5.2937111950000286,
              0,
              null
            ],
            [
              96.046487226000067,
              5.2934314800000664,
              0,
              null
            ],
            [
              96.046911369000071,
              5.2930829980000098,
              0,
              null
            ],
            [
              96.047528353000047,
              5.2928139710000437,
              0,
              null
            ],
            [
              96.048447482000071,
              5.2927921760000167,
              0,
              null
            ],
            [
              96.0493666120001,
              5.2927703800000785,
              0,
              null
            ],
            [
              96.050285741000025,
              5.2927485820000513,
              0,
              null
            ],
            [
              96.051204872000042,
              5.292726783000024,
              0,
              null
            ],
            [
              96.052124004000063,
              5.2927049840000855,
              0,
              null
            ],
            [
              96.052456176000106,
              5.2917699340000794,
              0,
              null
            ],
            [
              96.052788345000053,
              5.2908348859999847,
              0,
              null
            ],
            [
              96.053317752000069,
              5.2914397940000306,
              0,
              null
            ],
            [
              96.053583108000097,
              5.2912555950000666,
              0,
              null
            ],
            [
              96.053980900000056,
              5.2909794620000454,
              0,
              null
            ],
            [
              96.054438249000057,
              5.2917101510001068,
              0,
              null
            ],
            [
              96.054362735000026,
              5.2917565810000404,
              0,
              null
            ],
            [
              96.054517694000054,
              5.2920131960000454,
              0,
              null
            ],
            [
              96.05474942400005,
              5.2918817680000956,
              0,
              null
            ],
            [
              96.054882433000046,
              5.2921350560000917,
              0,
              null
            ],
            [
              96.054592781000053,
              5.2923503910000562,
              0,
              null
            ],
            [
              96.054383807000079,
              5.2925057460000318,
              0,
              null
            ],
            [
              96.055695550000081,
              5.2939231489999798,
              0,
              null
            ],
            [
              96.055694896000034,
              5.2939237280000278,
              0,
              null
            ],
            [
              96.055716109000102,
              5.2939453630000415,
              0,
              null
            ],
            [
              96.055883071000054,
              5.2938045000000216,
              0,
              null
            ],
            [
              96.056205995000127,
              5.2942062290000429,
              0,
              null
            ],
            [
              96.055808573000022,
              5.2945106130000923,
              0,
              null
            ],
            [
              96.056209040000027,
              5.2950503670000764,
              0,
              null
            ],
            [
              96.056067372000115,
              5.2952266280000053,
              0,
              null
            ],
            [
              96.056018989000023,
              5.2952868250001011,
              0,
              null
            ],
            [
              96.05569322900007,
              5.2957033070000108,
              0,
              null
            ],
            [
              96.055346880000101,
              5.296176088000049,
              0,
              null
            ],
            [
              96.055115214000026,
              5.296126661000045,
              0,
              null
            ],
            [
              96.055095802000025,
              5.2961538980000782,
              0,
              null
            ],
            [
              96.055126673000089,
              5.2962128090000675,
              0,
              null
            ],
            [
              96.055551741000087,
              5.297182057000061,
              0,
              null
            ],
            [
              96.056502001000112,
              5.2992250000000745,
              0,
              null
            ],
            [
              96.057440001000003,
              5.3005410000000701,
              0,
              null
            ],
            [
              96.057501564000034,
              5.3006944140000627,
              0,
              null
            ],
            [
              96.057509580000072,
              5.3006778380001123,
              0,
              null
            ],
            [
              96.057578585000016,
              5.3005351380000292,
              0,
              null
            ],
            [
              96.057799134000049,
              5.3000790620000409,
              0,
              null
            ],
            [
              96.057846041000019,
              5.300061190000072,
              0,
              null
            ],
            [
              96.057850000000087,
              5.300052999000016,
              0,
              null
            ],
            [
              96.058724007000109,
              5.2997199999999971,
              0,
              null
            ],
            [
              96.059421616000094,
              5.2994871730000064,
              0,
              null
            ],
            [
              96.0604704040001,
              5.2988447150000511,
              0,
              null
            ],
            [
              96.060501292000069,
              5.2988308900000618,
              0,
              null
            ],
            [
              96.060521273000035,
              5.2988186520000262,
              0,
              null
            ],
            [
              96.063589182000044,
              5.2974456350000203,
              0,
              null
            ],
            [
              96.065032062000057,
              5.2968482320000625,
              0,
              null
            ],
            [
              96.065934686000034,
              5.2962683300000428,
              0,
              null
            ],
            [
              96.067852382000083,
              5.2946862550000588,
              0,
              null
            ],
            [
              96.069418031000041,
              5.2935879450000449,
              0,
              null
            ],
            [
              96.069439130000006,
              5.2935827640000603,
              0,
              null
            ],
            [
              96.069468899000071,
              5.2935618820000201,
              0,
              null
            ],
            [
              96.070869562000055,
              5.2932179130000705,
              0,
              null
            ],
            [
              96.072268243000053,
              5.2936144190000149,
              0,
              null
            ],
            [
              96.073911246000108,
              5.2940997390000248,
              0,
              null
            ],
            [
              96.074707457000088,
              5.2939896270000624,
              0,
              null
            ]
          ]
        ]
      },
      "properties" : {
        "FID" : 0,
        "KDPPUM" : " ",
        "NAMOBJ" : "KEMBANG TANJONG",
        "REMARK" : "Wilayah Administrasi Kecamatan",
        "KDPBPS" : " ",
        "FCODE" : " ",
        "LUASWH" : 0,
        "UUPP" : " ",
        "SRS_ID" : " ",
        "LCODE" : "BA0080",
        "METADATA" : " ",
        "KDEBPS" : " ",
        "KDEPUM" : " ",
        "KDCBPS" : " ",
        "KDCPUM" : " ",
        "KDBBPS" : " ",
        "KDBPUM" : " ",
        "WADMKD" : " ",
        "WIADKD" : " ",
        "WADMKC" : " ",
        "WIADKC" : " ",
        "WADMKK" : "PIDIE",
        "WIADKK" : " ",
        "WADMPR" : "ACEH",
        "WIADPR" : " ",
        "TIPADM" : 0,
        "Shape_Leng" : 0.28670123352799998,
        "Shape_Area" : 0.00236498673921
      }
    }
  ]
}