{
  "hasZ" : true,
  "hasM" : true,
  "type" : "FeatureCollection",
  "features" : [
    {
      "type" : "Feature",
      "id" : 0,
      "geometry" : {
        "type" : "Polygon",
        "coordinates" : [
          [
            [
              95.925576356000121,
              5.2028830520000184,
              0,
              null
            ],
            [
              95.925443760000064,
              5.2030135980000729,
              0,
              null
            ],
            [
              95.92530388800013,
              5.2039258120000547,
              0,
              null
            ],
            [
              95.925164015000107,
              5.2048380250000363,
              0,
              null
            ],
            [
              95.92502414100008,
              5.2057502380001068,
              0,
              null
            ],
            [
              95.924884265000046,
              5.2066624510000885,
              0,
              null
            ],
            [
              95.92484396800009,
              5.2082424650000796,
              0,
              null
            ],
            [
              95.925933406000084,
              5.2096351280000235,
              0,
              null
            ],
            [
              95.925952810000084,
              5.2106662000000696,
              0,
              null
            ],
            [
              95.925972213000094,
              5.2116972730000271,
              0,
              null
            ],
            [
              95.926833950000074,
              5.2130453010000082,
              0,
              null
            ],
            [
              95.926799036000034,
              5.2140869940000449,
              0,
              null
            ],
            [
              95.926764121000076,
              5.2151286860000816,
              0,
              null
            ],
            [
              95.927280355000065,
              5.2161037080000199,
              0,
              null
            ],
            [
              95.92779659100006,
              5.217078731000047,
              0,
              null
            ],
            [
              95.928312827000042,
              5.2180537540000742,
              0,
              null
            ],
            [
              95.928829064000041,
              5.2190287780000126,
              0,
              null
            ],
            [
              95.928723880000035,
              5.220377595000059,
              0,
              null
            ],
            [
              95.928684638000078,
              5.2208808070000394,
              0,
              null
            ],
            [
              95.928618694000036,
              5.2217264130000167,
              0,
              null
            ],
            [
              95.927958966000077,
              5.2219706640000645,
              0,
              null
            ],
            [
              95.92722650900005,
              5.2224877510000383,
              0,
              null
            ],
            [
              95.927419638000046,
              5.2227508090000434,
              0,
              null
            ],
            [
              95.928307534000055,
              5.2233547240000071,
              0,
              null
            ],
            [
              95.928606161000076,
              5.2236935950000678,
              0,
              null
            ],
            [
              95.929308768000027,
              5.2253489649999878,
              0,
              null
            ],
            [
              95.929562853000093,
              5.2257348020000265,
              0,
              null
            ],
            [
              95.929938854000028,
              5.2260366080000402,
              0,
              null
            ],
            [
              95.931228713000081,
              5.2264626020000264,
              0,
              null
            ],
            [
              95.931553490000042,
              5.2265698650000196,
              0,
              null
            ],
            [
              95.932428931000089,
              5.2270529190001085,
              0,
              null
            ],
            [
              95.933304373000041,
              5.2275359730000197,
              0,
              null
            ],
            [
              95.934179818000089,
              5.2280190270001086,
              0,
              null
            ],
            [
              95.935275086000033,
              5.2286493710000386,
              0,
              null
            ],
            [
              95.935930712000101,
              5.2289851330000197,
              0,
              null
            ],
            [
              95.936272181000021,
              5.2293785240000616,
              0,
              null
            ],
            [
              95.936585234000077,
              5.2299340060001036,
              0,
              null
            ],
            [
              95.936714132000091,
              5.2310227520000367,
              0,
              null
            ],
            [
              95.93657639500006,
              5.2317501280000016,
              0,
              null
            ],
            [
              95.936824853000104,
              5.2326020520000576,
              0,
              null
            ],
            [
              95.937431225000083,
              5.2337129200000447,
              0,
              null
            ],
            [
              95.937430166000084,
              5.2339305380000205,
              0,
              null
            ],
            [
              95.937082064000066,
              5.2348988090001107,
              0,
              null
            ],
            [
              95.937142341000083,
              5.2362992460000761,
              0,
              null
            ],
            [
              95.937645266000033,
              5.237579752000066,
              0,
              null
            ],
            [
              95.938165441000081,
              5.2381282050000593,
              0,
              null
            ],
            [
              95.939618648000064,
              5.2390509850000271,
              0,
              null
            ],
            [
              95.940021900000033,
              5.2394289030000323,
              0,
              null
            ],
            [
              95.940519617000092,
              5.2402085840000616,
              0,
              null
            ],
            [
              95.940959723000091,
              5.2410344310000916,
              0,
              null
            ],
            [
              95.941181480000054,
              5.2416963030000545,
              0,
              null
            ],
            [
              95.941346572000043,
              5.2429738810000686,
              0,
              null
            ],
            [
              95.940358779000107,
              5.2426985270001119,
              0,
              null
            ],
            [
              95.939799010000073,
              5.2427562830000944,
              0,
              null
            ],
            [
              95.939125270000005,
              5.2426156080000901,
              0,
              null
            ],
            [
              95.938651896000096,
              5.2426999060000483,
              0,
              null
            ],
            [
              95.938535704000074,
              5.2429343690000856,
              0,
              null
            ],
            [
              95.938580273000042,
              5.2432174520000601,
              0,
              null
            ],
            [
              95.9385337840001,
              5.2433282050000756,
              0,
              null
            ],
            [
              95.937458579000037,
              5.2433272650000866,
              0,
              null
            ],
            [
              95.93709185600008,
              5.2434754500000906,
              0,
              null
            ],
            [
              95.936632721000095,
              5.2445537750000497,
              0,
              null
            ],
            [
              95.936075319000082,
              5.2455174340000248,
              0,
              null
            ],
            [
              95.936038648000064,
              5.2455808320000301,
              0,
              null
            ],
            [
              95.935336602000064,
              5.2458206570000669,
              0,
              null
            ],
            [
              95.933971538000009,
              5.2456757030000638,
              0,
              null
            ],
            [
              95.933370763000127,
              5.2454768500000419,
              0,
              null
            ],
            [
              95.933321735000064,
              5.2454514040000682,
              0,
              null
            ],
            [
              95.932413885000088,
              5.2449802350000745,
              0,
              null
            ],
            [
              95.931496454000026,
              5.2442555970000697,
              0,
              null
            ],
            [
              95.931179042000053,
              5.2441894110000113,
              0,
              null
            ],
            [
              95.930736490000029,
              5.2442887940000631,
              0,
              null
            ],
            [
              95.929715252000094,
              5.2450177550000703,
              0,
              null
            ],
            [
              95.92891414000006,
              5.2449907350000551,
              0,
              null
            ],
            [
              95.92813497700007,
              5.2448017640000515,
              0,
              null
            ],
            [
              95.927722121000016,
              5.2453170900000572,
              0,
              null
            ],
            [
              95.927401026000013,
              5.2457178790000007,
              0,
              null
            ],
            [
              95.926667072000029,
              5.2466339930000387,
              0,
              null
            ],
            [
              95.926297026000057,
              5.2472049750000309,
              0,
              null
            ],
            [
              95.925125504000022,
              5.2471894150000757,
              0,
              null
            ],
            [
              95.924297669000097,
              5.2467609440000622,
              0,
              null
            ],
            [
              95.923469835000077,
              5.2463324730000487,
              0,
              null
            ],
            [
              95.922642003000064,
              5.2459040010000351,
              0,
              null
            ],
            [
              95.921778670000037,
              5.2451744750000699,
              0,
              null
            ],
            [
              95.921587981000073,
              5.2450133400000603,
              0,
              null
            ],
            [
              95.921124657000107,
              5.2447033319999896,
              0,
              null
            ],
            [
              95.920365987000039,
              5.2441029970000557,
              0,
              null
            ],
            [
              95.919607318000061,
              5.243502663000033,
              0,
              null
            ],
            [
              95.91884865100009,
              5.2429023290000991,
              0,
              null
            ],
            [
              95.918089985000023,
              5.2423019940000763,
              0,
              null
            ],
            [
              95.917301645000066,
              5.2417976560000916,
              0,
              null
            ],
            [
              95.916513306000041,
              5.241293317000018,
              0,
              null
            ],
            [
              95.915724969000095,
              5.2407889780000332,
              0,
              null
            ],
            [
              95.91480806400007,
              5.2403259290000896,
              0,
              null
            ],
            [
              95.913891162000056,
              5.2398628810000574,
              0,
              null
            ],
            [
              95.913005408000046,
              5.2409273230000224,
              0,
              null
            ],
            [
              95.91155677000009,
              5.2406550400000533,
              0,
              null
            ],
            [
              95.910661959000038,
              5.2397663100000607,
              0,
              null
            ],
            [
              95.909771803000112,
              5.2398820650000459,
              0,
              null
            ],
            [
              95.908771602000044,
              5.2402773630000681,
              0,
              null
            ],
            [
              95.907771400000058,
              5.24067265800009,
              0,
              null
            ],
            [
              95.906201512000024,
              5.2407652110000207,
              0,
              null
            ],
            [
              95.905961229000027,
              5.2397348650000346,
              0,
              null
            ],
            [
              95.905720946000045,
              5.2387045200000486,
              0,
              null
            ],
            [
              95.905727661000071,
              5.2373404860000754,
              0,
              null
            ],
            [
              95.906541543000088,
              5.2369340900000232,
              0,
              null
            ],
            [
              95.907355423000098,
              5.2365276920000596,
              0,
              null
            ],
            [
              95.908169304000026,
              5.2361212920000959,
              0,
              null
            ],
            [
              95.90898318400005,
              5.2357148890000431,
              0,
              null
            ],
            [
              95.910211217000054,
              5.2359816289999976,
              0,
              null
            ],
            [
              95.911439251000047,
              5.2362483670000408,
              0,
              null
            ],
            [
              95.912645105000081,
              5.2361520960000689,
              0,
              null
            ],
            [
              95.913850959000015,
              5.2360558230000969,
              0,
              null
            ],
            [
              95.913208280000049,
              5.2352620430000556,
              0,
              null
            ],
            [
              95.912565601000068,
              5.2344682630000143,
              0,
              null
            ],
            [
              95.911922925000098,
              5.2336744830000619,
              0,
              null
            ],
            [
              95.911280250000033,
              5.2328807040000207,
              0,
              null
            ],
            [
              95.91063757600007,
              5.2320869259999796,
              0,
              null
            ],
            [
              95.909792951999989,
              5.2315331480000786,
              0,
              null
            ],
            [
              95.908948329000097,
              5.2309793710000889,
              0,
              null
            ],
            [
              95.908103708000027,
              5.2304255930000991,
              0,
              null
            ],
            [
              95.907259089000036,
              5.2298718150000205,
              0,
              null
            ],
            [
              95.906891191000057,
              5.2282547970000763,
              0,
              null
            ],
            [
              95.906295741000093,
              5.2272893010000381,
              0,
              null
            ],
            [
              95.905700293000024,
              5.2263238059999999,
              0,
              null
            ],
            [
              95.904609829000037,
              5.2251204990000915,
              0,
              null
            ],
            [
              95.903689258000071,
              5.2243030330000444,
              0,
              null
            ],
            [
              95.902768689000112,
              5.2234855680000862,
              0,
              null
            ],
            [
              95.901670956000061,
              5.2231091210000251,
              0,
              null
            ],
            [
              95.900573225000088,
              5.2227326730000527,
              0,
              null
            ],
            [
              95.899475497000125,
              5.2223562230000802,
              0,
              null
            ],
            [
              95.898309518000104,
              5.2221628389999779,
              0,
              null
            ],
            [
              95.897143541000091,
              5.2219694530000531,
              0,
              null
            ],
            [
              95.897860402000077,
              5.2210657700000667,
              0,
              null
            ],
            [
              95.898806369000098,
              5.2207067830000291,
              0,
              null
            ],
            [
              95.899752336000034,
              5.2203477929999913,
              0,
              null
            ],
            [
              95.900451582000059,
              5.2194636900000262,
              0,
              null
            ],
            [
              95.901150825000101,
              5.2185795850000609,
              0,
              null
            ],
            [
              95.901850066000051,
              5.2176954790000067,
              0,
              null
            ],
            [
              95.90144309300004,
              5.2171098180000435,
              0,
              null
            ],
            [
              95.900867300000087,
              5.2166917440000908,
              0,
              null
            ],
            [
              95.899740294000097,
              5.2167500660000314,
              0,
              null
            ],
            [
              95.899468394000067,
              5.2166746760000109,
              0,
              null
            ],
            [
              95.898878670000045,
              5.2158500000000778,
              0,
              null
            ],
            [
              95.898725751000086,
              5.2157301940000238,
              0,
              null
            ],
            [
              95.898214075000027,
              5.2149378550001018,
              0,
              null
            ],
            [
              95.897608634000022,
              5.2134815390000426,
              0,
              null
            ],
            [
              95.897424394000055,
              5.2132497890000522,
              0,
              null
            ],
            [
              95.896627095000085,
              5.2125242700000634,
              0,
              null
            ],
            [
              95.895262802999994,
              5.2114468960000053,
              0,
              null
            ],
            [
              95.894650262000127,
              5.2119462810000243,
              0,
              null
            ],
            [
              95.894262832000038,
              5.2118613590001033,
              0,
              null
            ],
            [
              95.894020993000098,
              5.211414554999994,
              0,
              null
            ],
            [
              95.893958572000003,
              5.2099288559999906,
              0,
              null
            ],
            [
              95.893691636000113,
              5.2092678550000997,
              0,
              null
            ],
            [
              95.893229294000051,
              5.2084660880000193,
              0,
              null
            ],
            [
              95.892480674000112,
              5.2077400900000796,
              0,
              null
            ],
            [
              95.892399524000055,
              5.2061727460000711,
              0,
              null
            ],
            [
              95.892532488000043,
              5.2057190500000132,
              0,
              null
            ],
            [
              95.892986047000093,
              5.205647017000004,
              0,
              null
            ],
            [
              95.893912873000033,
              5.2056476450000559,
              0,
              null
            ],
            [
              95.894508000000073,
              5.2054229860000305,
              0,
              null
            ],
            [
              95.895201880000016,
              5.2052888130000312,
              0,
              null
            ],
            [
              95.895050283000089,
              5.2045440270000469,
              0,
              null
            ],
            [
              95.89486501600004,
              5.2041255890000642,
              0,
              null
            ],
            [
              95.894792984000034,
              5.2036136260000703,
              0,
              null
            ],
            [
              95.894572703000009,
              5.2029342300000785,
              0,
              null
            ],
            [
              95.894589002000032,
              5.2019484580000501,
              0,
              null
            ],
            [
              95.894118403000078,
              5.2014517830000777,
              0,
              null
            ],
            [
              95.893893799000054,
              5.2008918950000265,
              0,
              null
            ],
            [
              95.893968013000077,
              5.1999650820000802,
              0,
              null
            ],
            [
              95.894102073000056,
              5.1995202420000446,
              0,
              null
            ],
            [
              95.894395057000054,
              5.1994067190000663,
              0,
              null
            ],
            [
              95.894563832000074,
              5.1994822750000118,
              0,
              null
            ],
            [
              95.894715568000024,
              5.1992894730000465,
              0,
              null
            ],
            [
              95.894547299000038,
              5.1983997010000564,
              0,
              null
            ],
            [
              95.894269621000063,
              5.1974995180000043,
              0,
              null
            ],
            [
              95.893797503000087,
              5.1968463250000489,
              0,
              null
            ],
            [
              95.892561503000053,
              5.196339100000003,
              0,
              null
            ],
            [
              95.891325507000005,
              5.1958318750000458,
              0,
              null
            ],
            [
              95.890947192000056,
              5.1955184300000461,
              0,
              null
            ],
            [
              95.890154744000128,
              5.1945653400000573,
              0,
              null
            ],
            [
              95.890092330000115,
              5.1943832800000926,
              0,
              null
            ],
            [
              95.890098309000081,
              5.1935084400000946,
              0,
              null
            ],
            [
              95.889966824000041,
              5.1928995780000768,
              0,
              null
            ],
            [
              95.889839276000046,
              5.1925846530000435,
              0,
              null
            ],
            [
              95.889377419000112,
              5.1919387480000694,
              0,
              null
            ],
            [
              95.889462005000013,
              5.1918752810000584,
              0,
              null
            ],
            [
              95.889481200000006,
              5.1917331810001137,
              0,
              null
            ],
            [
              95.889417275000127,
              5.1914182750000819,
              0,
              null
            ],
            [
              95.888944937000034,
              5.1906739220000446,
              0,
              null
            ],
            [
              95.888795269000084,
              5.1902104410000653,
              0,
              null
            ],
            [
              95.888839500000103,
              5.1898844780000957,
              0,
              null
            ],
            [
              95.888937845000072,
              5.1897828900000391,
              0,
              null
            ],
            [
              95.889058022000071,
              5.1898294710000741,
              0,
              null
            ],
            [
              95.889294270000079,
              5.1901755390000197,
              0,
              null
            ],
            [
              95.889471603000089,
              5.1902597640000607,
              0,
              null
            ],
            [
              95.889626401000029,
              5.190263399000095,
              0,
              null
            ],
            [
              95.889744431000025,
              5.1901633850000799,
              0,
              null
            ],
            [
              95.889776798000028,
              5.1899939700000068,
              0,
              null
            ],
            [
              95.889657049000078,
              5.1898582950000609,
              0,
              null
            ],
            [
              95.889505098000114,
              5.189860419000059,
              0,
              null
            ],
            [
              95.889417783000084,
              5.1894056279999994,
              0,
              null
            ],
            [
              95.889110426000059,
              5.1890761300000037,
              0,
              null
            ],
            [
              95.889010772000063,
              5.1888480700000521,
              0,
              null
            ],
            [
              95.888620291000095,
              5.1877182360000056,
              0,
              null
            ],
            [
              95.888229810000027,
              5.186588403000048,
              0,
              null
            ],
            [
              95.88783932900013,
              5.1854585710000016,
              0,
              null
            ],
            [
              95.886794279000085,
              5.1847448550001012,
              0,
              null
            ],
            [
              95.885957148000003,
              5.1847210469999965,
              0,
              null
            ],
            [
              95.88504838300004,
              5.1848018370001085,
              0,
              null
            ],
            [
              95.884471971000053,
              5.1847564870000866,
              0,
              null
            ],
            [
              95.883806853000081,
              5.1842483250000519,
              0,
              null
            ],
            [
              95.883142982000038,
              5.1834862970000621,
              0,
              null
            ],
            [
              95.882417621000073,
              5.1829403320000083,
              0,
              null
            ],
            [
              95.881538702000086,
              5.182607102000059,
              0,
              null
            ],
            [
              95.881373757000034,
              5.1822081630000021,
              0,
              null
            ],
            [
              95.881304484000069,
              5.1810797779999866,
              0,
              null
            ],
            [
              95.880523866000047,
              5.179480520000002,
              0,
              null
            ],
            [
              95.87959524200005,
              5.1786112660001109,
              0,
              null
            ],
            [
              95.878666620000033,
              5.1777420120000421,
              0,
              null
            ],
            [
              95.877897862000026,
              5.1770886090000694,
              0,
              null
            ],
            [
              95.877129105000009,
              5.1764352070000967,
              0,
              null
            ],
            [
              95.877415338000063,
              5.1759671540000056,
              0,
              null
            ],
            [
              95.877964551000034,
              5.1750690710000384,
              0,
              null
            ],
            [
              95.878948124000061,
              5.174473397000046,
              0,
              null
            ],
            [
              95.879931696000085,
              5.1738777200000534,
              0,
              null
            ],
            [
              95.880915266000017,
              5.1732820410000606,
              0,
              null
            ],
            [
              95.882391030000093,
              5.1723066230000896,
              0,
              null
            ],
            [
              95.882951849000037,
              5.1714284859999964,
              0,
              null
            ],
            [
              95.883512665000083,
              5.1705503480000807,
              0,
              null
            ],
            [
              95.884333603000059,
              5.1697900750000585,
              0,
              null
            ],
            [
              95.885181167000013,
              5.1691527680000853,
              0,
              null
            ],
            [
              95.885552220000079,
              5.168873762000004,
              0,
              null
            ],
            [
              95.886028730000064,
              5.168515458000023,
              0,
              null
            ],
            [
              95.886876291000121,
              5.1678781480000495,
              0,
              null
            ],
            [
              95.88772385099999,
              5.1672408340000757,
              0,
              null
            ],
            [
              95.88851606499999,
              5.1667806760000161,
              0,
              null
            ],
            [
              95.889308277000083,
              5.1663205160000452,
              0,
              null
            ],
            [
              95.89050895400004,
              5.1658896510000112,
              0,
              null
            ],
            [
              95.891926998000045,
              5.1655690420000404,
              0,
              null
            ],
            [
              95.892907718000089,
              5.165555650000087,
              0,
              null
            ],
            [
              95.893888439000065,
              5.1655422550000445,
              0,
              null
            ],
            [
              95.89486916200012,
              5.1655288590000907,
              0,
              null
            ],
            [
              95.896395909000049,
              5.165263369000062,
              0,
              null
            ],
            [
              95.897269969000078,
              5.1647762899999954,
              0,
              null
            ],
            [
              95.8983093370001,
              5.1639078690000844,
              0,
              null
            ],
            [
              95.899240002000099,
              5.1629843160000526,
              0,
              null
            ],
            [
              95.900495673000066,
              5.1624445090000641,
              0,
              null
            ],
            [
              95.901422620000034,
              5.1622852540000324,
              0,
              null
            ],
            [
              95.902349568000076,
              5.1621259990000894,
              0,
              null
            ],
            [
              95.90327651500003,
              5.1619667420000575,
              0,
              null
            ],
            [
              95.904257323000095,
              5.1619351280000174,
              0,
              null
            ],
            [
              95.905238131000061,
              5.1619035140000662,
              0,
              null
            ],
            [
              95.906218941000034,
              5.1618718980001148,
              0,
              null
            ],
            [
              95.90704591800008,
              5.1615094750000594,
              0,
              null
            ],
            [
              95.907872894000022,
              5.1611470510000927,
              0,
              null
            ],
            [
              95.907486489000021,
              5.1621874000000183,
              0,
              null
            ],
            [
              95.907722435000011,
              5.1635782099999865,
              0,
              null
            ],
            [
              95.908584761000029,
              5.1644856880001093,
              0,
              null
            ],
            [
              95.909580235000064,
              5.1653299570000648,
              0,
              null
            ],
            [
              95.910575712000096,
              5.1661742270000204,
              0,
              null
            ],
            [
              95.911096022000066,
              5.1667097610000106,
              0,
              null
            ],
            [
              95.912416199000063,
              5.1676423949999943,
              0,
              null
            ],
            [
              95.912537123000021,
              5.1678657880000038,
              0,
              null
            ],
            [
              95.912743993999996,
              5.1692386250000837,
              0,
              null
            ],
            [
              95.912921184000098,
              5.1695409380000505,
              0,
              null
            ],
            [
              95.914006982000046,
              5.1702845600000273,
              0,
              null
            ],
            [
              95.914205429000035,
              5.1706962030000696,
              0,
              null
            ],
            [
              95.914226834000033,
              5.1716749330000482,
              0,
              null
            ],
            [
              95.914137232000087,
              5.1721812900000224,
              0,
              null
            ],
            [
              95.913556170000049,
              5.1733886330000871,
              0,
              null
            ],
            [
              95.913466588000105,
              5.1738906170000547,
              0,
              null
            ],
            [
              95.913418656000047,
              5.1756859870001009,
              0,
              null
            ],
            [
              95.91349685000003,
              5.1766344060000584,
              0,
              null
            ],
            [
              95.913331079000088,
              5.1780000610000769,
              0,
              null
            ],
            [
              95.913435253999992,
              5.1782292820000357,
              0,
              null
            ],
            [
              95.913428114000027,
              5.1785828760000712,
              0,
              null
            ],
            [
              95.913109338000126,
              5.1794137100000697,
              0,
              null
            ],
            [
              95.913013763000023,
              5.1800987470000841,
              0,
              null
            ],
            [
              95.913077109000113,
              5.1804635700000716,
              0,
              null
            ],
            [
              95.913292923000128,
              5.1807203190000877,
              0,
              null
            ],
            [
              95.914337492000044,
              5.1812857890000679,
              0,
              null
            ],
            [
              95.914693869000047,
              5.1821227050000367,
              0,
              null
            ],
            [
              95.91476984400002,
              5.183325471000078,
              0,
              null
            ],
            [
              95.914845818000089,
              5.1845282380000306,
              0,
              null
            ],
            [
              95.915004386000064,
              5.18556745300004,
              0,
              null
            ],
            [
              95.915382333000068,
              5.1863617860000382,
              0,
              null
            ],
            [
              95.916033511000037,
              5.187048155000074,
              0,
              null
            ],
            [
              95.916684689000093,
              5.187734524000021,
              0,
              null
            ],
            [
              95.917277755000043,
              5.1891584350000635,
              0,
              null
            ],
            [
              95.917790686000032,
              5.1900772170000558,
              0,
              null
            ],
            [
              95.918303620000103,
              5.190995998000048,
              0,
              null
            ],
            [
              95.919365789000068,
              5.1922095160000907,
              0,
              null
            ],
            [
              95.919901080000031,
              5.193132773000098,
              0,
              null
            ],
            [
              95.920436371000093,
              5.1940560310000166,
              0,
              null
            ],
            [
              95.920971664000064,
              5.1949792890000239,
              0,
              null
            ],
            [
              95.921645109000096,
              5.1958341700000581,
              0,
              null
            ],
            [
              95.922318555000032,
              5.1966890520000923,
              0,
              null
            ],
            [
              95.922992003000076,
              5.1975439340000378,
              0,
              null
            ],
            [
              95.923671486000075,
              5.1987104440000103,
              0,
              null
            ],
            [
              95.924350970000063,
              5.1998769550000716,
              0,
              null
            ],
            [
              95.924999754000012,
              5.2005926920000505,
              0,
              null
            ],
            [
              95.925648539000051,
              5.2013084290000293,
              0,
              null
            ],
            [
              95.925402854000055,
              5.2021681600000207,
              0,
              null
            ],
            [
              95.925397263000036,
              5.2023594770000408,
              0,
              null
            ],
            [
              95.925576356000121,
              5.2028830520000184,
              0,
              null
            ]
          ]
        ]
      },
      "properties" : {
        "FID" : 0,
        "KDPPUM" : " ",
        "NAMOBJ" : "TITEUE",
        "REMARK" : "Wilayah Administrasi Kecamatan",
        "KDPBPS" : " ",
        "FCODE" : " ",
        "LUASWH" : 0,
        "UUPP" : " ",
        "SRS_ID" : " ",
        "LCODE" : "BA0080",
        "METADATA" : " ",
        "KDEBPS" : " ",
        "KDEPUM" : " ",
        "KDCBPS" : " ",
        "KDCPUM" : " ",
        "KDBBPS" : " ",
        "KDBPUM" : " ",
        "WADMKD" : " ",
        "WIADKD" : " ",
        "WADMKC" : " ",
        "WIADKC" : " ",
        "WADMKK" : "PIDIE",
        "WIADKK" : " ",
        "WADMPR" : "ACEH",
        "WIADPR" : " ",
        "TIPADM" : 0,
        "Shape_Leng" : 0.27902700084499998,
        "Shape_Area" : 0.0023531338286500001
      }
    }
  ]
}