{
  "hasZ" : true,
  "hasM" : true,
  "type" : "FeatureCollection",
  "features" : [
    {
      "type" : "Feature",
      "id" : 0,
      "geometry" : {
        "type" : "Polygon",
        "coordinates" : [
          [
            [
              95.918165476000041,
              5.3660551550000051,
              0,
              null
            ],
            [
              95.91776554500008,
              5.3663100430000448,
              0,
              null
            ],
            [
              95.917127229000116,
              5.3666699720000715,
              0,
              null
            ],
            [
              95.916592275000085,
              5.3669661630000647,
              0,
              null
            ],
            [
              95.915967006000045,
              5.3672266440000342,
              0,
              null
            ],
            [
              95.915085323000099,
              5.3675922520000867,
              0,
              null
            ],
            [
              95.91426180100008,
              5.3678672310000124,
              0,
              null
            ],
            [
              95.913500625000083,
              5.3681410810000223,
              0,
              null
            ],
            [
              95.913389931000069,
              5.3683030160000094,
              0,
              null
            ],
            [
              95.913439974000127,
              5.3684990830000672,
              0,
              null
            ],
            [
              95.91374564600001,
              5.3692746300000209,
              0,
              null
            ],
            [
              95.914206711000062,
              5.3705011810000762,
              0,
              null
            ],
            [
              95.91464919100008,
              5.371610366000013,
              0,
              null
            ],
            [
              95.915268486000073,
              5.3729355430000574,
              0,
              null
            ],
            [
              95.91556813199999,
              5.3733903750000316,
              0,
              null
            ],
            [
              95.915763747000099,
              5.3737689070000876,
              0,
              null
            ],
            [
              95.915959342000036,
              5.3741429220000363,
              0,
              null
            ],
            [
              95.916100742000097,
              5.3744946080000027,
              0,
              null
            ],
            [
              95.916163278000028,
              5.3747588780000193,
              0,
              null
            ],
            [
              95.916249254000036,
              5.3750000040000749,
              0,
              null
            ],
            [
              95.916404487000094,
              5.3752643030000939,
              0,
              null
            ],
            [
              95.916842062000057,
              5.3758604470000364,
              0,
              null
            ],
            [
              95.91715640300005,
              5.3762990080000854,
              0,
              null
            ],
            [
              95.917184923000008,
              5.3764788440000437,
              0,
              null
            ],
            [
              95.917144216000011,
              5.3766451680000387,
              0,
              null
            ],
            [
              95.916739419000095,
              5.377166532000011,
              0,
              null
            ],
            [
              95.916093638000035,
              5.3780836480000431,
              0,
              null
            ],
            [
              95.916054233000068,
              5.3784470630000918,
              0,
              null
            ],
            [
              95.91594636100011,
              5.378938534999989,
              0,
              null
            ],
            [
              95.91577417600007,
              5.3792625670000653,
              0,
              null
            ],
            [
              95.915498498000005,
              5.3798835670000216,
              0,
              null
            ],
            [
              95.915201334000102,
              5.3808601349999989,
              0,
              null
            ],
            [
              95.91487269000001,
              5.3826325630001008,
              0,
              null
            ],
            [
              95.914709551000001,
              5.3831825130000404,
              0,
              null
            ],
            [
              95.914516908000053,
              5.3834356320000225,
              0,
              null
            ],
            [
              95.914204201000118,
              5.3838236040000602,
              0,
              null
            ],
            [
              95.913467469000082,
              5.38415552599999,
              0,
              null
            ],
            [
              95.910746375000102,
              5.3849334410000509,
              0,
              null
            ],
            [
              95.90967874100005,
              5.3851310370000576,
              0,
              null
            ],
            [
              95.909033720000053,
              5.3852506290000051,
              0,
              null
            ],
            [
              95.909005983000071,
              5.3852528650000124,
              0,
              null
            ],
            [
              95.908322402000081,
              5.385287236000103,
              0,
              null
            ],
            [
              95.907671300000032,
              5.3854400620000469,
              0,
              null
            ],
            [
              95.90721223000007,
              5.385527808000024,
              0,
              null
            ],
            [
              95.907037290000076,
              5.3856609670000282,
              0,
              null
            ],
            [
              95.906815237999993,
              5.3858426220000482,
              0,
              null
            ],
            [
              95.906571353000061,
              5.3858969020000984,
              0,
              null
            ],
            [
              95.906316249000014,
              5.3858237580000861,
              0,
              null
            ],
            [
              95.906145807000115,
              5.3856970939999975,
              0,
              null
            ],
            [
              95.906027478000098,
              5.3853683420000635,
              0,
              null
            ],
            [
              95.90598385100013,
              5.3848498330000609,
              0,
              null
            ],
            [
              95.905957948000022,
              5.3843982249999982,
              0,
              null
            ],
            [
              95.905933343000029,
              5.3842200259999977,
              0,
              null
            ],
            [
              95.905719142000081,
              5.3841378350000362,
              0,
              null
            ],
            [
              95.905528806000049,
              5.3840793060000784,
              0,
              null
            ],
            [
              95.905409461000033,
              5.3839609980000596,
              0,
              null
            ],
            [
              95.90529050800005,
              5.3839259020000867,
              0,
              null
            ],
            [
              95.905243108000036,
              5.3839499040001186,
              0,
              null
            ],
            [
              95.905243503000065,
              5.3840331170000759,
              0,
              null
            ],
            [
              95.905315790000003,
              5.3842467500000772,
              0,
              null
            ],
            [
              95.905447693000085,
              5.3845076490000814,
              0,
              null
            ],
            [
              95.905496506000034,
              5.3847808350000363,
              0,
              null
            ],
            [
              95.905497918000066,
              5.385078020000023,
              0,
              null
            ],
            [
              95.905427438000103,
              5.3852447840000544,
              0,
              null
            ],
            [
              95.90533365400006,
              5.3855067600000588,
              0,
              null
            ],
            [
              95.905181159000065,
              5.3859116709999881,
              0,
              null
            ],
            [
              95.905004905000041,
              5.3863166940001044,
              0,
              null
            ],
            [
              95.904839347000021,
              5.3864720250000779,
              0,
              null
            ],
            [
              95.904601665000072,
              5.3864493840000698,
              0,
              null
            ],
            [
              95.904339610000065,
              5.3862960959999988,
              0,
              null
            ],
            [
              95.904076933000084,
              5.3860120420000328,
              0,
              null
            ],
            [
              95.90393411000008,
              5.3859532860000563,
              0,
              null
            ],
            [
              95.903744399000018,
              5.386025518000082,
              0,
              null
            ],
            [
              95.903543597000109,
              5.3862642310000268,
              0,
              null
            ],
            [
              95.903260044000007,
              5.3865865520000504,
              0,
              null
            ],
            [
              95.902940175000097,
              5.3867663950000093,
              0,
              null
            ],
            [
              95.902476923000037,
              5.3867686050000145,
              0,
              null
            ],
            [
              95.902155811000029,
              5.3866869220000062,
              0,
              null
            ],
            [
              95.901988728000063,
              5.3865212900000685,
              0,
              null
            ],
            [
              95.901891499000016,
              5.386058132000116,
              0,
              null
            ],
            [
              95.901844880000056,
              5.385887669000045,
              0,
              null
            ],
            [
              95.901487188000047,
              5.3858062160000557,
              0,
              null
            ],
            [
              95.901188215999994,
              5.3858409050000837,
              0,
              null
            ],
            [
              95.900906057000014,
              5.3859170920000814,
              0,
              null
            ],
            [
              95.900656783000073,
              5.3859182800000909,
              0,
              null
            ],
            [
              95.900431524000098,
              5.3857280910000753,
              0,
              null
            ],
            [
              95.90028904700003,
              5.3854709800000293,
              0,
              null
            ],
            [
              95.900180318000096,
              5.3853218130000329,
              0,
              null
            ],
            [
              95.900038901000116,
              5.3852892230000009,
              0,
              null
            ],
            [
              95.899816448000095,
              5.3852845750000604,
              0,
              null
            ],
            [
              95.899395146000046,
              5.3854273500000609,
              0,
              null
            ],
            [
              95.8992197150001,
              5.3855103010000853,
              0,
              null
            ],
            [
              95.89914933200005,
              5.3854989060000307,
              0,
              null
            ],
            [
              95.899078670000065,
              5.3854288580000969,
              0,
              null
            ],
            [
              95.898995785000054,
              5.3852532920000478,
              0,
              null
            ],
            [
              95.898760298000099,
              5.3850315300000844,
              0,
              null
            ],
            [
              95.898653970000098,
              5.3848560760000446,
              0,
              null
            ],
            [
              95.898582197000025,
              5.3845514170000612,
              0,
              null
            ],
            [
              95.898498700000047,
              5.3842468159999939,
              0,
              null
            ],
            [
              95.898462315000046,
              5.38398891300006,
              0,
              null
            ],
            [
              95.898461314000059,
              5.3837777640000866,
              0,
              null
            ],
            [
              95.898343714000092,
              5.3836962080000887,
              0,
              null
            ],
            [
              95.898109284000057,
              5.3836973250000923,
              0,
              null
            ],
            [
              95.897827303,
              5.3835578990000137,
              0,
              null
            ],
            [
              95.897580710000028,
              5.383465225000073,
              0,
              null
            ],
            [
              95.897369834000074,
              5.3834896910000545,
              0,
              null
            ],
            [
              95.897135405000128,
              5.383490807000058,
              0,
              null
            ],
            [
              95.896842260000128,
              5.3834687390000084,
              0,
              null
            ],
            [
              95.896565283000115,
              5.3833139520000799,
              0,
              null
            ],
            [
              95.896118880000046,
              5.3832241850001132,
              0,
              null
            ],
            [
              95.895791340000031,
              5.3833045050000976,
              0,
              null
            ],
            [
              95.895136064000084,
              5.3834257670000945,
              0,
              null
            ],
            [
              95.894637257000028,
              5.3833493760000799,
              0,
              null
            ],
            [
              95.894150695000093,
              5.3830891450000422,
              0,
              null
            ],
            [
              95.893572567000035,
              5.382881858000033,
              0,
              null
            ],
            [
              95.893203995000093,
              5.3826079380000174,
              0,
              null
            ],
            [
              95.892796506000039,
              5.3824260930000705,
              0,
              null
            ],
            [
              95.892362720000037,
              5.3823795240000365,
              0,
              null
            ],
            [
              95.891824846000119,
              5.3822993240000621,
              0,
              null
            ],
            [
              95.891524998000079,
              5.3822800570000666,
              0,
              null
            ],
            [
              95.891173908999988,
              5.3823541370000676,
              0,
              null
            ],
            [
              95.890555055000036,
              5.3826363760000611,
              0,
              null
            ],
            [
              95.890048723000064,
              5.3826698150000745,
              0,
              null
            ],
            [
              95.889696708000073,
              5.3825473490000668,
              0,
              null
            ],
            [
              95.88954078200004,
              5.3823618889999985,
              0,
              null
            ],
            [
              95.889363602000046,
              5.382052393000059,
              0,
              null
            ],
            [
              95.889299972000103,
              5.3817113270000831,
              0,
              null
            ],
            [
              95.889173398000111,
              5.3811740120000344,
              0,
              null
            ],
            [
              95.888912792000042,
              5.3807097440000788,
              0,
              null
            ],
            [
              95.888704702000055,
              5.3804210849999983,
              0,
              null
            ],
            [
              95.888455948000086,
              5.3802774420000148,
              0,
              null
            ],
            [
              95.887897550000062,
              5.3802283650000398,
              0,
              null
            ],
            [
              95.88728775900006,
              5.380241600000069,
              0,
              null
            ],
            [
              95.886615369000111,
              5.3801309970000659,
              0,
              null
            ],
            [
              95.886190804000066,
              5.3799674970000382,
              0,
              null
            ],
            [
              95.886075968000071,
              5.379776022000005,
              0,
              null
            ],
            [
              95.885934641000105,
              5.3792590060000371,
              0,
              null
            ],
            [
              95.885932006000061,
              5.3787003050000841,
              0,
              null
            ],
            [
              95.885852547000056,
              5.378053977000075,
              0,
              null
            ],
            [
              95.886260444000058,
              5.3776217740000192,
              0,
              null
            ],
            [
              95.88676582100004,
              5.3771035660000415,
              0,
              null
            ],
            [
              95.887659772000106,
              5.3765752550000272,
              0,
              null
            ],
            [
              95.8881201680001,
              5.3763332410000757,
              0,
              null
            ],
            [
              95.888181498000023,
              5.3761641800000319,
              0,
              null
            ],
            [
              95.888154494000005,
              5.3760843640000893,
              0,
              null
            ],
            [
              95.887878813000029,
              5.3759701960000577,
              0,
              null
            ],
            [
              95.887594504000035,
              5.3759093649999983,
              0,
              null
            ],
            [
              95.88739853400007,
              5.3757592870000153,
              0,
              null
            ],
            [
              95.887086971000059,
              5.3755653450000445,
              0,
              null
            ],
            [
              95.886606693000019,
              5.3753544340000019,
              0,
              null
            ],
            [
              95.886166118000062,
              5.3751313530000182,
              0,
              null
            ],
            [
              95.886029000000093,
              5.3750201560000548,
              0,
              null
            ],
            [
              95.886023221000059,
              5.3750000130000757,
              0,
              null
            ],
            [
              95.885959565000036,
              5.3747781520000153,
              0,
              null
            ],
            [
              95.885920965000125,
              5.3744925050000063,
              0,
              null
            ],
            [
              95.886092374,
              5.3741381050000818,
              0,
              null
            ],
            [
              95.885988938000068,
              5.3738220970000476,
              0,
              null
            ],
            [
              95.886064656000116,
              5.3736273680000117,
              0,
              null
            ],
            [
              95.886296627000036,
              5.3727855159999898,
              0,
              null
            ],
            [
              95.886047146000081,
              5.3723017140000167,
              0,
              null
            ],
            [
              95.885660920000106,
              5.3712828490000923,
              0,
              null
            ],
            [
              95.885287805000047,
              5.3710499320000942,
              0,
              null
            ],
            [
              95.885408558000094,
              5.3704431300000692,
              0,
              null
            ],
            [
              95.885838854000085,
              5.3695724230000579,
              0,
              null
            ],
            [
              95.886392984000096,
              5.3693544860000557,
              0,
              null
            ],
            [
              95.886702776000064,
              5.3693421930000156,
              0,
              null
            ],
            [
              95.886791692000045,
              5.3693183450000852,
              0,
              null
            ],
            [
              95.886886713000095,
              5.3692638140000142,
              0,
              null
            ],
            [
              95.88709557600005,
              5.3691069430000908,
              0,
              null
            ],
            [
              95.88738070700002,
              5.368959253000039,
              0,
              null
            ],
            [
              95.887558300000066,
              5.3689230980000673,
              0,
              null
            ],
            [
              95.88781233100012,
              5.3698425020000222,
              0,
              null
            ],
            [
              95.887952103000046,
              5.3702905480000567,
              0,
              null
            ],
            [
              95.887971325000038,
              5.3706975949999851,
              0,
              null
            ],
            [
              95.888069399000074,
              5.370890902000081,
              0,
              null
            ],
            [
              95.888310918000073,
              5.3710727430000276,
              0,
              null
            ],
            [
              95.888589826000057,
              5.3711905090000016,
              0,
              null
            ],
            [
              95.888674159000104,
              5.3712423890000309,
              0,
              null
            ],
            [
              95.888724201000073,
              5.371401901000084,
              0,
              null
            ],
            [
              95.888853978000057,
              5.3716666260000494,
              0,
              null
            ],
            [
              95.889118574000108,
              5.372060155000014,
              0,
              null
            ],
            [
              95.889434645000051,
              5.3724252430000234,
              0,
              null
            ],
            [
              95.889689080000053,
              5.3726543270000597,
              0,
              null
            ],
            [
              95.889919522000028,
              5.3727707280000097,
              0,
              null
            ],
            [
              95.890079472000124,
              5.3727769899999949,
              0,
              null
            ],
            [
              95.890238450000126,
              5.3727720440000297,
              0,
              null
            ],
            [
              95.890315172000086,
              5.3730692780000204,
              0,
              null
            ],
            [
              95.89147298500005,
              5.372834163000018,
              0,
              null
            ],
            [
              95.892420238000085,
              5.3726183100000995,
              0,
              null
            ],
            [
              95.893310118000088,
              5.3724202300000528,
              0,
              null
            ],
            [
              95.894023484000044,
              5.3723199070001009,
              0,
              null
            ],
            [
              95.894909068000047,
              5.3722620510000212,
              0,
              null
            ],
            [
              95.895145203000126,
              5.3722662900000167,
              0,
              null
            ],
            [
              95.895317621000089,
              5.3722781110001065,
              0,
              null
            ],
            [
              95.895488859000054,
              5.3722873210000692,
              0,
              null
            ],
            [
              95.895603327000018,
              5.372323824999981,
              0,
              null
            ],
            [
              95.89583132500006,
              5.3723245660000423,
              0,
              null
            ],
            [
              95.89578083800005,
              5.372190176000025,
              0,
              null
            ],
            [
              95.89565265600001,
              5.3719761110000768,
              0,
              null
            ],
            [
              95.8949645430001,
              5.3708366890000363,
              0,
              null
            ],
            [
              95.894728479000023,
              5.3704576570000278,
              0,
              null
            ],
            [
              95.894658644000103,
              5.3703148730000265,
              0,
              null
            ],
            [
              95.894635741000073,
              5.3701897550000659,
              0,
              null
            ],
            [
              95.894641733000043,
              5.3700421380000201,
              0,
              null
            ],
            [
              95.894665657000061,
              5.3699100850001074,
              0,
              null
            ],
            [
              95.894851505000076,
              5.3691064170000473,
              0,
              null
            ],
            [
              95.894859796000048,
              5.3689722060000449,
              0,
              null
            ],
            [
              95.894832432000001,
              5.368847109000086,
              0,
              null
            ],
            [
              95.894760414000089,
              5.3687155110000333,
              0,
              null
            ],
            [
              95.894284279000033,
              5.3680513850000615,
              0,
              null
            ],
            [
              95.893983309000092,
              5.3676279360001082,
              0,
              null
            ],
            [
              95.893774483000044,
              5.3673449340000516,
              0,
              null
            ],
            [
              95.893561407000092,
              5.3671089080000627,
              0,
              null
            ],
            [
              95.893341496000104,
              5.3668416070000617,
              0,
              null
            ],
            [
              95.893159675000064,
              5.3666076640000675,
              0,
              null
            ],
            [
              95.892986781000062,
              5.3663759190000775,
              0,
              null
            ],
            [
              95.892858496000017,
              5.3661394900000552,
              0,
              null
            ],
            [
              95.892598259000067,
              5.365364769000081,
              0,
              null
            ],
            [
              95.892575210000118,
              5.365208345000017,
              0,
              null
            ],
            [
              95.892570042000045,
              5.3650585400000566,
              0,
              null
            ],
            [
              95.892589273000041,
              5.3648773220000727,
              0,
              null
            ],
            [
              95.892622060000079,
              5.3647340500000311,
              0,
              null
            ],
            [
              95.892663664000068,
              5.3645661339999933,
              0,
              null
            ],
            [
              95.892697928000061,
              5.364261850000041,
              0,
              null
            ],
            [
              95.892714490000088,
              5.3639889560001102,
              0,
              null
            ],
            [
              95.892719957000011,
              5.3637295320000504,
              0,
              null
            ],
            [
              95.892657225000065,
              5.363199856000012,
              0,
              null
            ],
            [
              95.892511349000074,
              5.3625453380000359,
              0,
              null
            ],
            [
              95.892259261999996,
              5.3616050980000445,
              0,
              null
            ],
            [
              95.89206200400011,
              5.3609351740000371,
              0,
              null
            ],
            [
              95.892030021000039,
              5.3607765510000576,
              0,
              null
            ],
            [
              95.892020339000041,
              5.3606155910000624,
              0,
              null
            ],
            [
              95.892024096000085,
              5.3604657520000103,
              0,
              null
            ],
            [
              95.892034573000061,
              5.3603225860000663,
              0,
              null
            ],
            [
              95.892060724000004,
              5.3601905230000639,
              0,
              null
            ],
            [
              95.892098183000087,
              5.3600897220000725,
              0,
              null
            ],
            [
              95.892433913000062,
              5.3593680790000491,
              0,
              null
            ],
            [
              95.892457934000092,
              5.3592583880000326,
              0,
              null
            ],
            [
              95.892470857000006,
              5.3591599340000577,
              0,
              null
            ],
            [
              95.892452325000079,
              5.3590146740000293,
              0,
              null
            ],
            [
              95.892379804000115,
              5.3587757400000662,
              0,
              null
            ],
            [
              95.89217217900007,
              5.3582735829999955,
              0,
              null
            ],
            [
              95.891836258000083,
              5.357636539000044,
              0,
              null
            ],
            [
              95.891990563000064,
              5.3575512450000033,
              0,
              null
            ],
            [
              95.892334608000013,
              5.3575287140000931,
              0,
              null
            ],
            [
              95.892861235000069,
              5.3575532850000833,
              0,
              null
            ],
            [
              95.892981476000074,
              5.3575417560000176,
              0,
              null
            ],
            [
              95.893183147000059,
              5.3575181220000161,
              0,
              null
            ],
            [
              95.893326001000062,
              5.3574876630000716,
              0,
              null
            ],
            [
              95.893447929000033,
              5.3574564940000684,
              0,
              null
            ],
            [
              95.893679594000005,
              5.3573515830000034,
              0,
              null
            ],
            [
              95.893870416000084,
              5.3571858690000589,
              0,
              null
            ],
            [
              95.893993061000103,
              5.3571192670000549,
              0,
              null
            ],
            [
              95.894125022000097,
              5.3570716320000216,
              0,
              null
            ],
            [
              95.894401660000071,
              5.3570132750000781,
              0,
              null
            ],
            [
              95.894353910000021,
              5.356369299000086,
              0,
              null
            ],
            [
              95.894302130000099,
              5.3558408570000609,
              0,
              null
            ],
            [
              95.894303045000086,
              5.3557456600000002,
              0,
              null
            ],
            [
              95.894326217000042,
              5.3556887830000903,
              0,
              null
            ],
            [
              95.894353495000075,
              5.355651968000064,
              0,
              null
            ],
            [
              95.894408302000087,
              5.3556116140000114,
              0,
              null
            ],
            [
              95.894671054000071,
              5.3555096280000107,
              0,
              null
            ],
            [
              95.894689854000021,
              5.3555468739999839,
              0,
              null
            ],
            [
              95.894772040000078,
              5.3556125370000878,
              0,
              null
            ],
            [
              95.894839800000085,
              5.3556509210000662,
              0,
              null
            ],
            [
              95.894909739000099,
              5.3556709140000329,
              0,
              null
            ],
            [
              95.894991583000035,
              5.3556684230000933,
              0,
              null
            ],
            [
              95.895433161000057,
              5.3555562980000531,
              0,
              null
            ],
            [
              95.895510104000039,
              5.3555559340000229,
              0,
              null
            ],
            [
              95.895581068000041,
              5.3555670620000555,
              0,
              null
            ],
            [
              95.89580843100002,
              5.3556831400000675,
              0,
              null
            ],
            [
              95.897205480000068,
              5.3565273930000217,
              0,
              null
            ],
            [
              95.897338882,
              5.356598209000019,
              0,
              null
            ],
            [
              95.897461059000079,
              5.3566412930000311,
              0,
              null
            ],
            [
              95.897601822000084,
              5.3566509460000304,
              0,
              null
            ],
            [
              95.898080243000052,
              5.356613986000081,
              0,
              null
            ],
            [
              95.898332399000054,
              5.356599790000061,
              0,
              null
            ],
            [
              95.898487597000013,
              5.3566157130000462,
              0,
              null
            ],
            [
              95.898592689000097,
              5.3566369870000301,
              0,
              null
            ],
            [
              95.898785549000067,
              5.3567831340000431,
              0,
              null
            ],
            [
              95.899175042000053,
              5.3573520170000393,
              0,
              null
            ],
            [
              95.89920881000009,
              5.357431667000057,
              0,
              null
            ],
            [
              95.89924554800011,
              5.3575510090000726,
              0,
              null
            ],
            [
              95.899278979000115,
              5.3578915590000946,
              0,
              null
            ],
            [
              95.899290004000051,
              5.3580198270000494,
              0,
              null
            ],
            [
              95.899298951000091,
              5.3581086700000284,
              0,
              null
            ],
            [
              95.899346297000093,
              5.3582438740000242,
              0,
              null
            ],
            [
              95.89939734000005,
              5.3583516850000628,
              0,
              null
            ],
            [
              95.899485426000055,
              5.3584688290000742,
              0,
              null
            ],
            [
              95.899647999000095,
              5.3585906630000295,
              0,
              null
            ],
            [
              95.899873801000041,
              5.358707313,
              0,
              null
            ],
            [
              95.900074749000055,
              5.3587519430000512,
              0,
              null
            ],
            [
              95.9002932100001,
              5.3588059659999914,
              0,
              null
            ],
            [
              95.900475658000104,
              5.3588228940000597,
              0,
              null
            ],
            [
              95.900591751000022,
              5.3588140290000368,
              0,
              null
            ],
            [
              95.900661399000015,
              5.3588017220000843,
              0,
              null
            ],
            [
              95.90112558900006,
              5.35856480000011,
              0,
              null
            ],
            [
              95.902328977000053,
              5.3579078460000211,
              0,
              null
            ],
            [
              95.902420176000049,
              5.357884229000021,
              0,
              null
            ],
            [
              95.90248899500007,
              5.3578816410000734,
              0,
              null
            ],
            [
              95.902500417000027,
              5.3578843310000295,
              0,
              null
            ],
            [
              95.902832212000035,
              5.358098281000057,
              0,
              null
            ],
            [
              95.903662288000064,
              5.3587148470000017,
              0,
              null
            ],
            [
              95.904624085000066,
              5.3593657810000366,
              0,
              null
            ],
            [
              95.905665361000061,
              5.3601515930000403,
              0,
              null
            ],
            [
              95.90665148100004,
              5.3607748890000089,
              0,
              null
            ],
            [
              95.907340139000084,
              5.3610707950000673,
              0,
              null
            ],
            [
              95.907868885000042,
              5.3613045960000498,
              0,
              null
            ],
            [
              95.907984512000013,
              5.3613476380000584,
              0,
              null
            ],
            [
              95.908093508000064,
              5.3613600740000216,
              0,
              null
            ],
            [
              95.908153419000044,
              5.3613531130000673,
              0,
              null
            ],
            [
              95.908205899000038,
              5.3613516110000319,
              0,
              null
            ],
            [
              95.908217593000117,
              5.3613528570000462,
              0,
              null
            ],
            [
              95.90834537400012,
              5.3613935000000339,
              0,
              null
            ],
            [
              95.908876261000088,
              5.361591077000039,
              0,
              null
            ],
            [
              95.909254657000034,
              5.3617851740000226,
              0,
              null
            ],
            [
              95.909549262000084,
              5.3618851580000353,
              0,
              null
            ],
            [
              95.909704269000031,
              5.3619115479999984,
              0,
              null
            ],
            [
              95.909753251000083,
              5.3619261370000508,
              0,
              null
            ],
            [
              95.909866550000046,
              5.3619905280000495,
              0,
              null
            ],
            [
              95.909909784000064,
              5.3620017110000866,
              0,
              null
            ],
            [
              95.910002764000026,
              5.3620181980000297,
              0,
              null
            ],
            [
              95.910796786000091,
              5.3620204350000371,
              0,
              null
            ],
            [
              95.912012875000087,
              5.3620401270000677,
              0,
              null
            ],
            [
              95.91204920800007,
              5.3620347480000667,
              0,
              null
            ],
            [
              95.912115099000104,
              5.3619934300000232,
              0,
              null
            ],
            [
              95.912156879000094,
              5.3619219940000633,
              0,
              null
            ],
            [
              95.912218912000071,
              5.3616520020000173,
              0,
              null
            ],
            [
              95.912234982000072,
              5.3615538710000692,
              0,
              null
            ],
            [
              95.912276126000009,
              5.3614563700000843,
              0,
              null
            ],
            [
              95.91233149100006,
              5.3614053500000374,
              0,
              null
            ],
            [
              95.912778296000084,
              5.3612411090000371,
              0,
              null
            ],
            [
              95.912865146000073,
              5.361237067000058,
              0,
              null
            ],
            [
              95.912926182000064,
              5.3612428910000958,
              0,
              null
            ],
            [
              95.913008710000057,
              5.3612963270000762,
              0,
              null
            ],
            [
              95.913059217000054,
              5.3613428000000134,
              0,
              null
            ],
            [
              95.913138703000058,
              5.3614424549999988,
              0,
              null
            ],
            [
              95.913215357000098,
              5.3615495580000676,
              0,
              null
            ],
            [
              95.913316080000087,
              5.361647801000025,
              0,
              null
            ],
            [
              95.913447703000045,
              5.3617148040000622,
              0,
              null
            ],
            [
              95.913605650000065,
              5.3617423560000326,
              0,
              null
            ],
            [
              95.914646629000046,
              5.3618470100000764,
              0,
              null
            ],
            [
              95.915072694000031,
              5.3619882680000401,
              0,
              null
            ],
            [
              95.91544536800005,
              5.3628642750000459,
              0,
              null
            ],
            [
              95.915610855000068,
              5.363231107000022,
              0,
              null
            ],
            [
              95.915846531000028,
              5.3637535260000817,
              0,
              null
            ],
            [
              95.915864910000039,
              5.363874225000032,
              0,
              null
            ],
            [
              95.915861464000017,
              5.3639590600000346,
              0,
              null
            ],
            [
              95.915828168000104,
              5.3640593480000724,
              0,
              null
            ],
            [
              95.915769124000107,
              5.3642118300000767,
              0,
              null
            ],
            [
              95.91567103400007,
              5.3645286720000911,
              0,
              null
            ],
            [
              95.915669408000028,
              5.3646247920000505,
              0,
              null
            ],
            [
              95.915686139000073,
              5.3647145950001089,
              0,
              null
            ],
            [
              95.915745480000098,
              5.3647735070000095,
              0,
              null
            ],
            [
              95.915842286000029,
              5.3648160770000679,
              0,
              null
            ],
            [
              95.916898167000085,
              5.3650254119999801,
              0,
              null
            ],
            [
              95.917078429000071,
              5.3650634510000188,
              0,
              null
            ],
            [
              95.917327804000109,
              5.3651510500000725,
              0,
              null
            ],
            [
              95.91740095000003,
              5.3651920900000931,
              0,
              null
            ],
            [
              95.917455380000007,
              5.3652333040000393,
              0,
              null
            ],
            [
              95.91755673800013,
              5.3653189060000166,
              0,
              null
            ],
            [
              95.917651059000022,
              5.3654246150000589,
              0,
              null
            ],
            [
              95.917793349000078,
              5.3656019270000748,
              0,
              null
            ],
            [
              95.918165476000041,
              5.3660551550000051,
              0,
              null
            ]
          ]
        ]
      },
      "properties" : {
        "FID" : 0,
        "KDPPUM" : " ",
        "NAMOBJ" : "GRONG-GRONG",
        "REMARK" : "Wilayah Administrasi Kecamatan",
        "KDPBPS" : " ",
        "FCODE" : " ",
        "LUASWH" : 0,
        "UUPP" : " ",
        "SRS_ID" : " ",
        "LCODE" : "BA0080",
        "METADATA" : " ",
        "KDEBPS" : " ",
        "KDEPUM" : " ",
        "KDCBPS" : " ",
        "KDCPUM" : " ",
        "KDBBPS" : " ",
        "KDBPUM" : " ",
        "WADMKD" : " ",
        "WIADKD" : " ",
        "WADMKC" : " ",
        "WIADKC" : " ",
        "WADMKK" : "PIDIE",
        "WIADKK" : " ",
        "WADMPR" : "ACEH",
        "WIADPR" : " ",
        "TIPADM" : 0,
        "Shape_Leng" : 0.13614450750099999,
        "Shape_Area" : 0.00063640388084000002
      }
    }
  ]
}