{
  "hasZ" : true,
  "hasM" : true,
  "type" : "FeatureCollection",
  "features" : [
    {
      "type" : "Feature",
      "id" : 0,
      "geometry" : {
        "type" : "Polygon",
        "coordinates" : [
          [
            [
              95.981698226000091,
              5.3733226310000219,
              0,
              null
            ],
            [
              95.980910221000073,
              5.3739112290000506,
              0,
              null
            ],
            [
              95.979605564000039,
              5.3750000189999874,
              0,
              null
            ],
            [
              95.979206148000031,
              5.3753333440000333,
              0,
              null
            ],
            [
              95.978528281000081,
              5.3758734910000499,
              0,
              null
            ],
            [
              95.977832537000069,
              5.3764485800000266,
              0,
              null
            ],
            [
              95.977267982000072,
              5.3769324940000978,
              0,
              null
            ],
            [
              95.976667750000061,
              5.3774744200000839,
              0,
              null
            ],
            [
              95.976121433000074,
              5.3780092180000132,
              0,
              null
            ],
            [
              95.975699521000067,
              5.378414665999987,
              0,
              null
            ],
            [
              95.975363633000072,
              5.3787278600000548,
              0,
              null
            ],
            [
              95.974989450000109,
              5.3790867280000825,
              0,
              null
            ],
            [
              95.974610140000081,
              5.3794499140001122,
              0,
              null
            ],
            [
              95.974200954000068,
              5.3798329850000997,
              0,
              null
            ],
            [
              95.973898383000076,
              5.3801279920000837,
              0,
              null
            ],
            [
              95.973865719000031,
              5.3801599920000669,
              0,
              null
            ],
            [
              95.973631606000112,
              5.3803893520000372,
              0,
              null
            ],
            [
              95.973217252000026,
              5.3807647240000982,
              0,
              null
            ],
            [
              95.972923272000045,
              5.3810674130000073,
              0,
              null
            ],
            [
              95.972288328999994,
              5.3816337130000562,
              0,
              null
            ],
            [
              95.971223603000098,
              5.3825528819999917,
              0,
              null
            ],
            [
              95.97075399700006,
              5.3830080460000822,
              0,
              null
            ],
            [
              95.970487611000038,
              5.3832575500000317,
              0,
              null
            ],
            [
              95.970411621000054,
              5.3833190840000604,
              0,
              null
            ],
            [
              95.970350785000093,
              5.3833582020000996,
              0,
              null
            ],
            [
              95.970300461000093,
              5.3833866720000572,
              0,
              null
            ],
            [
              95.970243094000054,
              5.3834163590000266,
              0,
              null
            ],
            [
              95.970177566000061,
              5.383456674000076,
              0,
              null
            ],
            [
              95.970073494000061,
              5.3835359990000669,
              0,
              null
            ],
            [
              95.969691732000086,
              5.3838856170000398,
              0,
              null
            ],
            [
              95.969315476000048,
              5.3842608490000003,
              0,
              null
            ],
            [
              95.969065978000103,
              5.3845356310000874,
              0,
              null
            ],
            [
              95.968764071000081,
              5.3848420990000427,
              0,
              null
            ],
            [
              95.968364885000085,
              5.3852442390000093,
              0,
              null
            ],
            [
              95.96817211000004,
              5.3854254090000779,
              0,
              null
            ],
            [
              95.967997669000084,
              5.3855861520000552,
              0,
              null
            ],
            [
              95.967770887000057,
              5.3857887370000306,
              0,
              null
            ],
            [
              95.96749727100007,
              5.3860349970000669,
              0,
              null
            ],
            [
              95.96724848000008,
              5.3862644940000486,
              0,
              null
            ],
            [
              95.967102434000083,
              5.3863862779999998,
              0,
              null
            ],
            [
              95.966999478000091,
              5.3864505550000779,
              0,
              null
            ],
            [
              95.966871048000115,
              5.3864873920000171,
              0,
              null
            ],
            [
              95.966800089000017,
              5.3864969800000999,
              0,
              null
            ],
            [
              95.966736990000044,
              5.3865022480000917,
              0,
              null
            ],
            [
              95.966612936000075,
              5.386507135000052,
              0,
              null
            ],
            [
              95.966524413000045,
              5.3865084880000751,
              0,
              null
            ],
            [
              95.966463549000068,
              5.386506942000036,
              0,
              null
            ],
            [
              95.966406363000047,
              5.3865053679999946,
              0,
              null
            ],
            [
              95.966340884000047,
              5.3865056880000211,
              0,
              null
            ],
            [
              95.966276352000122,
              5.3865078540000226,
              0,
              null
            ],
            [
              95.966209048000053,
              5.3865109560000128,
              0,
              null
            ],
            [
              95.966116882000065,
              5.3865215690000028,
              0,
              null
            ],
            [
              95.966011804000075,
              5.3865313240000106,
              0,
              null
            ],
            [
              95.965742739000021,
              5.386576995000059,
              0,
              null
            ],
            [
              95.965644128000037,
              5.3865894920000272,
              0,
              null
            ],
            [
              95.965554716000014,
              5.3865973270000538,
              0,
              null
            ],
            [
              95.965393362000071,
              5.3866018079999805,
              0,
              null
            ],
            [
              95.965270711000045,
              5.3866014750000417,
              0,
              null
            ],
            [
              95.96518954700008,
              5.3865981760000352,
              0,
              null
            ],
            [
              95.965111075000067,
              5.3865810040000355,
              0,
              null
            ],
            [
              95.964950403000017,
              5.3865364970000833,
              0,
              null
            ],
            [
              95.964906017000075,
              5.3865126810000667,
              0,
              null
            ],
            [
              95.964835339999993,
              5.3864393400000381,
              0,
              null
            ],
            [
              95.964596693000061,
              5.3866487940000489,
              0,
              null
            ],
            [
              95.964291477000117,
              5.3865697840000841,
              0,
              null
            ],
            [
              95.964391205000112,
              5.3869457130000136,
              0,
              null
            ],
            [
              95.964417395000055,
              5.3870894240000915,
              0,
              null
            ],
            [
              95.964497040000069,
              5.3874708270000298,
              0,
              null
            ],
            [
              95.964526700000036,
              5.3876386890000632,
              0,
              null
            ],
            [
              95.964537462000038,
              5.3876996010000404,
              0,
              null
            ],
            [
              95.964536446000039,
              5.3881293610000718,
              0,
              null
            ],
            [
              95.964526511000017,
              5.388290730000012,
              0,
              null
            ],
            [
              95.96447645800005,
              5.3884791820000615,
              0,
              null
            ],
            [
              95.96443665300005,
              5.3885707960000921,
              0,
              null
            ],
            [
              95.96436469300005,
              5.388667934000047,
              0,
              null
            ],
            [
              95.964296535000088,
              5.3887180100000158,
              0,
              null
            ],
            [
              95.963928566000021,
              5.3889039820000377,
              0,
              null
            ],
            [
              95.963206147000022,
              5.3892973610000787,
              0,
              null
            ],
            [
              95.962517034000115,
              5.3896462090000767,
              0,
              null
            ],
            [
              95.961858731000092,
              5.3899855020000835,
              0,
              null
            ],
            [
              95.960815178000075,
              5.390543111000035,
              0,
              null
            ],
            [
              95.960473792000073,
              5.3906792080000159,
              0,
              null
            ],
            [
              95.960384049000112,
              5.3907025020000781,
              0,
              null
            ],
            [
              95.960275489000097,
              5.3907231960001027,
              0,
              null
            ],
            [
              95.960168261000021,
              5.3907398450000592,
              0,
              null
            ],
            [
              95.960009966000072,
              5.3907379320000786,
              0,
              null
            ],
            [
              95.959767089000039,
              5.3907176039999953,
              0,
              null
            ],
            [
              95.959584458000037,
              5.3906754700000619,
              0,
              null
            ],
            [
              95.959525247000016,
              5.390635428000035,
              0,
              null
            ],
            [
              95.95915102000005,
              5.3903807940001052,
              0,
              null
            ],
            [
              95.959085259000034,
              5.3904291150001065,
              0,
              null
            ],
            [
              95.959067181000037,
              5.3904423970000508,
              0,
              null
            ],
            [
              95.959001685000047,
              5.3904905230000359,
              0,
              null
            ],
            [
              95.959045963000065,
              5.3906147590001012,
              0,
              null
            ],
            [
              95.959055577000058,
              5.3906567680000244,
              0,
              null
            ],
            [
              95.959064520000084,
              5.390733112000035,
              0,
              null
            ],
            [
              95.959068295000051,
              5.3908051890000479,
              0,
              null
            ],
            [
              95.959072090000092,
              5.3908815580000606,
              0,
              null
            ],
            [
              95.959084453000045,
              5.3909604600000165,
              0,
              null
            ],
            [
              95.95908912600008,
              5.3910411160000287,
              0,
              null
            ],
            [
              95.959086940000077,
              5.3911183730000261,
              0,
              null
            ],
            [
              95.959052370000066,
              5.3912301180000348,
              0,
              null
            ],
            [
              95.959009906000105,
              5.3913032790000486,
              0,
              null
            ],
            [
              95.958967333000047,
              5.3913541249999923,
              0,
              null
            ],
            [
              95.95889744400003,
              5.3914248450000706,
              0,
              null
            ],
            [
              95.958823207000108,
              5.3914801360000268,
              0,
              null
            ],
            [
              95.958720735000071,
              5.3915407150000654,
              0,
              null
            ],
            [
              95.958440528000068,
              5.3916802630000653,
              0,
              null
            ],
            [
              95.957779148000057,
              5.391981307000016,
              0,
              null
            ],
            [
              95.95624113500007,
              5.3928754000000083,
              0,
              null
            ],
            [
              95.955610960000072,
              5.3932543950000138,
              0,
              null
            ],
            [
              95.954817658000067,
              5.393725162000063,
              0,
              null
            ],
            [
              95.954061182000004,
              5.394198325000044,
              0,
              null
            ],
            [
              95.953174824000115,
              5.3947279070000747,
              0,
              null
            ],
            [
              95.953085225000081,
              5.3947944310000722,
              0,
              null
            ],
            [
              95.953011830000037,
              5.3948488600000459,
              0,
              null
            ],
            [
              95.952791651000027,
              5.3950078550000562,
              0,
              null
            ],
            [
              95.95259036300007,
              5.395177059000023,
              0,
              null
            ],
            [
              95.952371124000052,
              5.3953514990000677,
              0,
              null
            ],
            [
              95.952012128000021,
              5.3955794810000128,
              0,
              null
            ],
            [
              95.951455045000017,
              5.3959378720000899,
              0,
              null
            ],
            [
              95.951343260000002,
              5.3960190940000601,
              0,
              null
            ],
            [
              95.951204943000022,
              5.396105596000023,
              0,
              null
            ],
            [
              95.950923894000127,
              5.3962528710000406,
              0,
              null
            ],
            [
              95.950617341000068,
              5.396435460000049,
              0,
              null
            ],
            [
              95.950031018000061,
              5.396852863000035,
              0,
              null
            ],
            [
              95.949233906000089,
              5.3974778520000548,
              0,
              null
            ],
            [
              95.948739377000038,
              5.3978744970000108,
              0,
              null
            ],
            [
              95.948042111000078,
              5.3983748350000198,
              0,
              null
            ],
            [
              95.947425911000067,
              5.3988129820000346,
              0,
              null
            ],
            [
              95.946809817000073,
              5.3992717270000661,
              0,
              null
            ],
            [
              95.946286976000067,
              5.399712854000061,
              0,
              null
            ],
            [
              95.945669527000049,
              5.4002497099999829,
              0,
              null
            ],
            [
              95.945289604000052,
              5.4005655590000039,
              0,
              null
            ],
            [
              95.945011723000064,
              5.4008072370000164,
              0,
              null
            ],
            [
              95.944818367000053,
              5.4009782430000435,
              0,
              null
            ],
            [
              95.944627425000064,
              5.4011628450000408,
              0,
              null
            ],
            [
              95.944527663000073,
              5.4012534500000768,
              0,
              null
            ],
            [
              95.944460336000105,
              5.4013215820000298,
              0,
              null
            ],
            [
              95.94438882700004,
              5.4014103340000901,
              0,
              null
            ],
            [
              95.944332745000025,
              5.4015015850000907,
              0,
              null
            ],
            [
              95.944267243000112,
              5.4015945990000596,
              0,
              null
            ],
            [
              95.944210271000017,
              5.4016789880001141,
              0,
              null
            ],
            [
              95.944139623000027,
              5.4017685940000675,
              0,
              null
            ],
            [
              95.944019428000033,
              5.4018841890000395,
              0,
              null
            ],
            [
              95.94369286700001,
              5.4021827440000507,
              0,
              null
            ],
            [
              95.94337982100005,
              5.4024426110000583,
              0,
              null
            ],
            [
              95.943082228000023,
              5.4027084100000238,
              0,
              null
            ],
            [
              95.942651763000114,
              5.4031284890000535,
              0,
              null
            ],
            [
              95.942309024000096,
              5.4034468640000171,
              0,
              null
            ],
            [
              95.941938965000119,
              5.4037808200000264,
              0,
              null
            ],
            [
              95.941826426000034,
              5.4038877950000845,
              0,
              null
            ],
            [
              95.9415243750001,
              5.4041192840000534,
              0,
              null
            ],
            [
              95.941262557000101,
              5.4043471440000772,
              0,
              null
            ],
            [
              95.941078612000069,
              5.4045045180000422,
              0,
              null
            ],
            [
              95.940832777000068,
              5.4047285970000196,
              0,
              null
            ],
            [
              95.940711757000003,
              5.4048527790000804,
              0,
              null
            ],
            [
              95.940594996000115,
              5.4049683570000511,
              0,
              null
            ],
            [
              95.940486801000048,
              5.4050881850001069,
              0,
              null
            ],
            [
              95.940362406000048,
              5.4052209670000799,
              0,
              null
            ],
            [
              95.940202130000031,
              5.4053702300000843,
              0,
              null
            ],
            [
              95.939938702000077,
              5.4056195560000191,
              0,
              null
            ],
            [
              95.939650455000034,
              5.4058724350000702,
              0,
              null
            ],
            [
              95.939248759000108,
              5.4062194190000028,
              0,
              null
            ],
            [
              95.939134482000057,
              5.4063212530000797,
              0,
              null
            ],
            [
              95.938934343000113,
              5.4064864440000697,
              0,
              null
            ],
            [
              95.938790161000085,
              5.4066575890001083,
              0,
              null
            ],
            [
              95.93850494500002,
              5.4069131410001141,
              0,
              null
            ],
            [
              95.938212599000082,
              5.4072609750000282,
              0,
              null
            ],
            [
              95.938020079000054,
              5.4075946120000111,
              0,
              null
            ],
            [
              95.937741993000046,
              5.4078856570000227,
              0,
              null
            ],
            [
              95.937513821000081,
              5.4081554060000485,
              0,
              null
            ],
            [
              95.937371213000091,
              5.4083257740000228,
              0,
              null
            ],
            [
              95.937292779000089,
              5.4084393520000944,
              0,
              null
            ],
            [
              95.937333542000005,
              5.4085140910000611,
              0,
              null
            ],
            [
              95.937528082000114,
              5.4087871860000085,
              0,
              null
            ],
            [
              95.937741993000046,
              5.4090356380000486,
              0,
              null
            ],
            [
              95.937977296000057,
              5.4093834720000515,
              0,
              null
            ],
            [
              95.938248251000104,
              5.40973840300002,
              0,
              null
            ],
            [
              95.938483554000115,
              5.4100649400000371,
              0,
              null
            ],
            [
              95.938590510000083,
              5.41019271600004,
              0,
              null
            ],
            [
              95.93855485800006,
              5.4102211100000801,
              0,
              null
            ],
            [
              95.93850494500002,
              5.4101856169999856,
              0,
              null
            ],
            [
              95.938262512000037,
              5.4098803760000429,
              0,
              null
            ],
            [
              95.937963036000042,
              5.4094970500000343,
              0,
              null
            ],
            [
              95.937663559000043,
              5.4090853290000744,
              0,
              null
            ],
            [
              95.937392604000095,
              5.4087020020000658,
              0,
              null
            ],
            [
              95.937143040000052,
              5.4083612670000285,
              0,
              null
            ],
            [
              95.936979041000072,
              5.4081979980000199,
              0,
              null
            ],
            [
              95.936807912000035,
              5.4080915180000915,
              0,
              null
            ],
            [
              95.936636783000083,
              5.4078714600000026,
              0,
              null
            ],
            [
              95.936422871000062,
              5.4075733160000254,
              0,
              null
            ],
            [
              95.936159046000071,
              5.4072112850000913,
              0,
              null
            ],
            [
              95.936072868000053,
              5.4070396970001049,
              0,
              null
            ],
            [
              95.935985461000101,
              5.4066900680000423,
              0,
              null
            ],
            [
              95.935799863000028,
              5.4063045960000338,
              0,
              null
            ],
            [
              95.935228600000102,
              5.4058965500000227,
              0,
              null
            ],
            [
              95.935200239000054,
              5.4058762930000341,
              0,
              null
            ],
            [
              95.934000991000048,
              5.4062332120000782,
              0,
              null
            ],
            [
              95.933997404000095,
              5.4062613070000047,
              0,
              null
            ],
            [
              95.933915330000062,
              5.4069042200000865,
              0,
              null
            ],
            [
              95.933779376000089,
              5.4073120829999937,
              0,
              null
            ],
            [
              95.933509681000075,
              5.4070983530000731,
              0,
              null
            ],
            [
              95.933155513000074,
              5.4066545230000322,
              0,
              null
            ],
            [
              95.932905132000059,
              5.4062619980000619,
              0,
              null
            ],
            [
              95.932757388000084,
              5.405682468000073,
              0,
              null
            ],
            [
              95.932637550000024,
              5.4053052940000406,
              0,
              null
            ],
            [
              95.932787604000097,
              5.4049627920000347,
              0,
              null
            ],
            [
              95.932799114000076,
              5.4049471020000688,
              0,
              null
            ],
            [
              95.933281084000072,
              5.404270419000035,
              0,
              null
            ],
            [
              95.933290998000089,
              5.4042565590000429,
              0,
              null
            ],
            [
              95.933781146000058,
              5.4035652240000402,
              0,
              null
            ],
            [
              95.935052526000092,
              5.4026803960000152,
              0,
              null
            ],
            [
              95.935060464000045,
              5.4026229900000615,
              0,
              null
            ],
            [
              95.935075867000066,
              5.4025439340000929,
              0,
              null
            ],
            [
              95.935130842000007,
              5.4024883820000262,
              0,
              null
            ],
            [
              95.935500818000065,
              5.402289140000061,
              0,
              null
            ],
            [
              95.935784247000058,
              5.4021456040000864,
              0,
              null
            ],
            [
              95.935965457000052,
              5.4020815440000263,
              0,
              null
            ],
            [
              95.936288607000051,
              5.4019930999999914,
              0,
              null
            ],
            [
              95.936527847000036,
              5.4019330840000883,
              0,
              null
            ],
            [
              95.93674480200005,
              5.4018144830000452,
              0,
              null
            ],
            [
              95.937126668000118,
              5.4016123620000194,
              0,
              null
            ],
            [
              95.937248268000047,
              5.40156823700001,
              0,
              null
            ],
            [
              95.937335276000056,
              5.401567816000064,
              0,
              null
            ],
            [
              95.937400700000055,
              5.4016023290000774,
              0,
              null
            ],
            [
              95.937466145000045,
              5.4016411950000069,
              0,
              null
            ],
            [
              95.937540104000036,
              5.4016408370000661,
              0,
              null
            ],
            [
              95.937601570000055,
              5.401616748000027,
              0,
              null
            ],
            [
              95.938179082000062,
              5.4012388080001088,
              0,
              null
            ],
            [
              95.93893601200007,
              5.4007138420001048,
              0,
              null
            ],
            [
              95.93934868300002,
              5.4004779880000413,
              0,
              null
            ],
            [
              95.939561759000071,
              5.4002431030000579,
              0,
              null
            ],
            [
              95.939770768000045,
              5.3999260800000286,
              0,
              null
            ],
            [
              95.940045073000093,
              5.3993616140000427,
              0,
              null
            ],
            [
              95.940161542000041,
              5.3992833780000531,
              0,
              null
            ],
            [
              95.940352573000041,
              5.3992310650000768,
              0,
              null
            ],
            [
              95.940500161999992,
              5.399189999000054,
              0,
              null
            ],
            [
              95.940769020000033,
              5.3989812840000155,
              0,
              null
            ],
            [
              95.94379770500008,
              5.3969809240000615,
              0,
              null
            ],
            [
              95.945802307000022,
              5.3958724200000034,
              0,
              null
            ],
            [
              95.946878865000102,
              5.3952644910000629,
              0,
              null
            ],
            [
              95.947040656000084,
              5.3950671190000747,
              0,
              null
            ],
            [
              95.947795424000091,
              5.3939653830000438,
              0,
              null
            ],
            [
              95.947538734000076,
              5.3938278560000334,
              0,
              null
            ],
            [
              95.947558653000044,
              5.3937498220000606,
              0,
              null
            ],
            [
              95.947878912000064,
              5.393517840000051,
              0,
              null
            ],
            [
              95.947955916000041,
              5.3933514250000485,
              0,
              null
            ],
            [
              95.948381888000114,
              5.39341836000008,
              0,
              null
            ],
            [
              95.948964656000015,
              5.3935182460000846,
              0,
              null
            ],
            [
              95.949345744000112,
              5.3935640860000582,
              0,
              null
            ],
            [
              95.949499517000049,
              5.3935560030001,
              0,
              null
            ],
            [
              95.949583387000061,
              5.3934822280000354,
              0,
              null
            ],
            [
              95.949659829000069,
              5.3933864810000181,
              0,
              null
            ],
            [
              95.949812946000037,
              5.393242674000021,
              0,
              null
            ],
            [
              95.949900342000078,
              5.3931395380001028,
              0,
              null
            ],
            [
              95.950071519000034,
              5.3929442870000237,
              0,
              null
            ],
            [
              95.950374497000055,
              5.3927410609999953,
              0,
              null
            ],
            [
              95.951090133000022,
              5.3922973880000562,
              0,
              null
            ],
            [
              95.951517425000119,
              5.3920532080000143,
              0,
              null
            ],
            [
              95.951841628000025,
              5.3918340180000861,
              0,
              null
            ],
            [
              95.952274894000084,
              5.3916091630000444,
              0,
              null
            ],
            [
              95.953551966000063,
              5.3909257780000779,
              0,
              null
            ],
            [
              95.953946862000052,
              5.390713898000044,
              0,
              null
            ],
            [
              95.954139733000019,
              5.3906125450000957,
              0,
              null
            ],
            [
              95.954092293000087,
              5.3905491980000058,
              0,
              null
            ],
            [
              95.953990633000032,
              5.3904125920000716,
              0,
              null
            ],
            [
              95.953889714000113,
              5.3902762350000692,
              0,
              null
            ],
            [
              95.953791586000079,
              5.3901430080000594,
              0,
              null
            ],
            [
              95.953698301000003,
              5.3900157840001022,
              0,
              null
            ],
            [
              95.953611911000039,
              5.3898974430000806,
              0,
              null
            ],
            [
              95.953534474000037,
              5.3897908400000532,
              0,
              null
            ],
            [
              95.953421775000038,
              5.3896343300000709,
              0,
              null
            ],
            [
              95.953316685000047,
              5.3894855160000148,
              0,
              null
            ],
            [
              95.953221776000092,
              5.3893466000000672,
              0,
              null
            ],
            [
              95.953139608000043,
              5.3892197550000525,
              0,
              null
            ],
            [
              95.953072744000025,
              5.3891071830000641,
              0,
              null
            ],
            [
              95.952984223000072,
              5.3889304440000068,
              0,
              null
            ],
            [
              95.952913490000071,
              5.3887651550000086,
              0,
              null
            ],
            [
              95.952861091000003,
              5.3886352290000055,
              0,
              null
            ],
            [
              95.952800089000021,
              5.3885043880000154,
              0,
              null
            ],
            [
              95.952740160000033,
              5.3884167540000476,
              0,
              null
            ],
            [
              95.952665188000054,
              5.3883481650000569,
              0,
              null
            ],
            [
              95.952593448000059,
              5.3882954080000438,
              0,
              null
            ],
            [
              95.952507053000019,
              5.3882450170000489,
              0,
              null
            ],
            [
              95.952394408000032,
              5.3882133010000892,
              0,
              null
            ],
            [
              95.952284250000062,
              5.3881927760000785,
              0,
              null
            ],
            [
              95.952160866000071,
              5.3881698750000488,
              0,
              null
            ],
            [
              95.952051630000085,
              5.3881459580000239,
              0,
              null
            ],
            [
              95.951958629000032,
              5.3881202450000281,
              0,
              null
            ],
            [
              95.951814141000071,
              5.388043149000044,
              0,
              null
            ],
            [
              95.951745846000009,
              5.3879700830000381,
              0,
              null
            ],
            [
              95.95168408400005,
              5.3878798460000326,
              0,
              null
            ],
            [
              95.951634921000064,
              5.3877700970000113,
              0,
              null
            ],
            [
              95.951578864000055,
              5.3876011769999792,
              0,
              null
            ],
            [
              95.951541343000059,
              5.387477440000044,
              0,
              null
            ],
            [
              95.951496623000082,
              5.387328351000054,
              0,
              null
            ],
            [
              95.951450607000098,
              5.3871759520000566,
              0,
              null
            ],
            [
              95.951409152000039,
              5.3870422950001,
              0,
              null
            ],
            [
              95.951336880000014,
              5.3868343700000381,
              0,
              null
            ],
            [
              95.951268500000126,
              5.3866896600000551,
              0,
              null
            ],
            [
              95.95119045400007,
              5.3865948670000279,
              0,
              null
            ],
            [
              95.951104027000014,
              5.3865228740000219,
              0,
              null
            ],
            [
              95.951011872000038,
              5.3864575310000333,
              0,
              null
            ],
            [
              95.950923740000022,
              5.3863947700000807,
              0,
              null
            ],
            [
              95.950785915000083,
              5.386269143000078,
              0,
              null
            ],
            [
              95.950730129000078,
              5.3861953470001005,
              0,
              null
            ],
            [
              95.950680923000093,
              5.3861159000000107,
              0,
              null
            ],
            [
              95.950640229000015,
              5.3860331960000067,
              0,
              null
            ],
            [
              95.950609577000051,
              5.3859468370000556,
              0,
              null
            ],
            [
              95.950593049000105,
              5.3858562550000215,
              0,
              null
            ],
            [
              95.950585152000073,
              5.3857702470000106,
              0,
              null
            ],
            [
              95.950569377000107,
              5.3854791370000825,
              0,
              null
            ],
            [
              95.950562908000009,
              5.3853826780000063,
              0,
              null
            ],
            [
              95.950554680000039,
              5.3852636950000203,
              0,
              null
            ],
            [
              95.950545224000052,
              5.3851292060000837,
              0,
              null
            ],
            [
              95.950535069000111,
              5.3849861830000627,
              0,
              null
            ],
            [
              95.950524744000049,
              5.3848416510000057,
              0,
              null
            ],
            [
              95.950514779000031,
              5.3847025930000463,
              0,
              null
            ],
            [
              95.950505703000076,
              5.3845760250000545,
              0,
              null
            ],
            [
              95.950490388000048,
              5.3843725850000084,
              0,
              null
            ],
            [
              95.95047064100001,
              5.3841715150000695,
              0,
              null
            ],
            [
              95.950441403000085,
              5.3839671390000348,
              0,
              null
            ],
            [
              95.950397573000004,
              5.383753791000057,
              0,
              null
            ],
            [
              95.950367247000074,
              5.3836357460000599,
              0,
              null
            ],
            [
              95.950329775000085,
              5.383503362000031,
              0,
              null
            ],
            [
              95.950286227000035,
              5.3833596880000449,
              0,
              null
            ],
            [
              95.950237673000103,
              5.3832077789999992,
              0,
              null
            ],
            [
              95.950185190000113,
              5.3830506860000575,
              0,
              null
            ],
            [
              95.95012984800006,
              5.3828914560000278,
              0,
              null
            ],
            [
              95.950072708000036,
              5.3827331480000744,
              0,
              null
            ],
            [
              95.950014848000052,
              5.3825788090000941,
              0,
              null
            ],
            [
              95.949960921000027,
              5.3824400450000702,
              0,
              null
            ],
            [
              95.949902969000036,
              5.3822946600000314,
              0,
              null
            ],
            [
              95.949842394000086,
              5.3821454210001178,
              0,
              null
            ],
            [
              95.949780605000029,
              5.3819951030000261,
              0,
              null
            ],
            [
              95.949719005000091,
              5.381846483000075,
              0,
              null
            ],
            [
              95.949658995000092,
              5.3817023370000499,
              0,
              null
            ],
            [
              95.949602003000081,
              5.3815654310000909,
              0,
              null
            ],
            [
              95.949549423000093,
              5.3814385409999836,
              0,
              null
            ],
            [
              95.94950266500004,
              5.3813244420000466,
              0,
              null
            ],
            [
              95.949428608000034,
              5.3811385610000322,
              0,
              null
            ],
            [
              95.949363109000032,
              5.3809665510000109,
              0,
              null
            ],
            [
              95.949306899000092,
              5.380810288000049,
              0,
              null
            ],
            [
              95.949260735000095,
              5.380671667000037,
              0,
              null
            ],
            [
              95.949225365000103,
              5.380552563000041,
              0,
              null
            ],
            [
              95.949182894000046,
              5.380372283000046,
              0,
              null
            ],
            [
              95.949151926000056,
              5.3801994730000473,
              0,
              null
            ],
            [
              95.94912847100008,
              5.3800425700000325,
              0,
              null
            ],
            [
              95.949048237000099,
              5.3800132190000021,
              0,
              null
            ],
            [
              95.948943739000072,
              5.3799751830000524,
              0,
              null
            ],
            [
              95.948834424000083,
              5.3799365200000508,
              0,
              null
            ],
            [
              95.948739739000061,
              5.3799052940000429,
              0,
              null
            ],
            [
              95.948603619000082,
              5.3798711150000571,
              0,
              null
            ],
            [
              95.948510865000046,
              5.3798553109999929,
              0,
              null
            ],
            [
              95.948375531000039,
              5.3798290790000429,
              0,
              null
            ],
            [
              95.948306242000072,
              5.3798280680000481,
              0,
              null
            ],
            [
              95.948249759000106,
              5.3798378460000578,
              0,
              null
            ],
            [
              95.948126893000065,
              5.37987340399998,
              0,
              null
            ],
            [
              95.948019230000043,
              5.3799212670000323,
              0,
              null
            ],
            [
              95.947891505000044,
              5.37998325800001,
              0,
              null
            ],
            [
              95.947774513000041,
              5.3800237750000761,
              0,
              null
            ],
            [
              95.947665457000085,
              5.3800612729999813,
              0,
              null
            ],
            [
              95.947558814000047,
              5.3800890650000603,
              0,
              null
            ],
            [
              95.947442554000119,
              5.3801169030000544,
              0,
              null
            ],
            [
              95.947285850000114,
              5.3801492550000667,
              0,
              null
            ],
            [
              95.947198291000063,
              5.3801544850000553,
              0,
              null
            ],
            [
              95.947065772000116,
              5.3801551270000196,
              0,
              null
            ],
            [
              95.94695999200006,
              5.3801577430000584,
              0,
              null
            ],
            [
              95.946846975000128,
              5.3801683820000505,
              0,
              null
            ],
            [
              95.946706979000098,
              5.3801887460000479,
              0,
              null
            ],
            [
              95.946609896000055,
              5.3802247670000973,
              0,
              null
            ],
            [
              95.946512272000064,
              5.3802684340000688,
              0,
              null
            ],
            [
              95.946377314000088,
              5.3803407320000112,
              0,
              null
            ],
            [
              95.946310209000032,
              5.3803930150000738,
              0,
              null
            ],
            [
              95.946268772000067,
              5.3804440170000305,
              0,
              null
            ],
            [
              95.946209859000078,
              5.3806679740000867,
              0,
              null
            ],
            [
              95.946196893000078,
              5.3807908720000412,
              0,
              null
            ],
            [
              95.946181779000071,
              5.3809413190000548,
              0,
              null
            ],
            [
              95.946161972000112,
              5.3810941910000025,
              0,
              null
            ],
            [
              95.946134924000006,
              5.3812243940000286,
              0,
              null
            ],
            [
              95.946046934000009,
              5.3814078450001084,
              0,
              null
            ],
            [
              95.945950586000038,
              5.3815272350000392,
              0,
              null
            ],
            [
              95.94587778100005,
              5.3816162710000341,
              0,
              null
            ],
            [
              95.945818533000121,
              5.3816845079999958,
              0,
              null
            ],
            [
              95.945703726000033,
              5.3817615060000605,
              0,
              null
            ],
            [
              95.945580069000115,
              5.3818128160000427,
              0,
              null
            ],
            [
              95.945412569000013,
              5.3818331230000354,
              0,
              null
            ],
            [
              95.945295727000115,
              5.3818450620000462,
              0,
              null
            ],
            [
              95.945161622000043,
              5.3818550800000757,
              0,
              null
            ],
            [
              95.945014655000051,
              5.3818562970000876,
              0,
              null
            ],
            [
              95.944864070000023,
              5.3818510440000082,
              0,
              null
            ],
            [
              95.944718186000031,
              5.3818411610000787,
              0,
              null
            ],
            [
              95.944584070000033,
              5.3818302090000607,
              0,
              null
            ],
            [
              95.944471436000043,
              5.3818212760000321,
              0,
              null
            ],
            [
              95.944378083000046,
              5.3818158460000269,
              0,
              null
            ],
            [
              95.944246136000046,
              5.3818172520000545,
              0,
              null
            ],
            [
              95.944150529000041,
              5.3818211650001118,
              0,
              null
            ],
            [
              95.944124516000031,
              5.3818273710000035,
              0,
              null
            ],
            [
              95.944087257000049,
              5.3818362610000285,
              0,
              null
            ],
            [
              95.9440255250001,
              5.3818717130000309,
              0,
              null
            ],
            [
              95.943962487000121,
              5.3819224590000552,
              0,
              null
            ],
            [
              95.943892881000039,
              5.3819849090000709,
              0,
              null
            ],
            [
              95.943781117000029,
              5.3821380550000413,
              0,
              null
            ],
            [
              95.943721700000097,
              5.3822706550000881,
              0,
              null
            ],
            [
              95.943665917000004,
              5.3824108810000553,
              0,
              null
            ],
            [
              95.943623874000082,
              5.3825214530000558,
              0,
              null
            ],
            [
              95.943585329000086,
              5.3826096820000728,
              0,
              null
            ],
            [
              95.943476836000087,
              5.3827458180000569,
              0,
              null
            ],
            [
              95.943395694000031,
              5.3827994610000545,
              0,
              null
            ],
            [
              95.943312480000074,
              5.3828404380000698,
              0,
              null
            ],
            [
              95.943188147000086,
              5.3828713860000548,
              0,
              null
            ],
            [
              95.94308923800007,
              5.3828672570000684,
              0,
              null
            ],
            [
              95.942959935000033,
              5.3828394500000769,
              0,
              null
            ],
            [
              95.942902104000041,
              5.3828208010000438,
              0,
              null
            ],
            [
              95.942801485000075,
              5.3827883560000238,
              0,
              null
            ],
            [
              95.942710216000066,
              5.3827439940000836,
              0,
              null
            ],
            [
              95.942601512000039,
              5.3826902120000746,
              0,
              null
            ],
            [
              95.942465332000054,
              5.3826325960001036,
              0,
              null
            ],
            [
              95.942325621000037,
              5.382586670000034,
              0,
              null
            ],
            [
              95.942207068000087,
              5.3825691460000051,
              0,
              null
            ],
            [
              95.942110599000017,
              5.3825682120000167,
              0,
              null
            ],
            [
              95.941978190000071,
              5.3825919090000234,
              0,
              null
            ],
            [
              95.941866878000013,
              5.3826590960000757,
              0,
              null
            ],
            [
              95.941771044000077,
              5.3827378260000174,
              0,
              null
            ],
            [
              95.941680449000046,
              5.3828279610000145,
              0,
              null
            ],
            [
              95.941612223000078,
              5.3828926630000389,
              0,
              null
            ],
            [
              95.941530396000061,
              5.3829690950000568,
              0,
              null
            ],
            [
              95.941440639000092,
              5.3830534700000214,
              0,
              null
            ],
            [
              95.941356874000093,
              5.3831317630000157,
              0,
              null
            ],
            [
              95.941241504000047,
              5.3832308530000432,
              0,
              null
            ],
            [
              95.94115137200005,
              5.3832784410000727,
              0,
              null
            ],
            [
              95.941040406000113,
              5.3832978050000762,
              0,
              null
            ],
            [
              95.940865942000059,
              5.3832836590000603,
              0,
              null
            ],
            [
              95.940734266999996,
              5.383242356000018,
              0,
              null
            ],
            [
              95.940584139000109,
              5.3831880240000523,
              0,
              null
            ],
            [
              95.940429775000027,
              5.3831338110000075,
              0,
              null
            ],
            [
              95.940294291000015,
              5.383091757999992,
              0,
              null
            ],
            [
              95.940127739999994,
              5.3830696050000242,
              0,
              null
            ],
            [
              95.939983856000083,
              5.3830782690000305,
              0,
              null
            ],
            [
              95.939866930999997,
              5.3831144660000945,
              0,
              null
            ],
            [
              95.939813809000043,
              5.383146507000081,
              0,
              null
            ],
            [
              95.939762791000092,
              5.3831792150000339,
              0,
              null
            ],
            [
              95.939668311000091,
              5.3832396980000645,
              0,
              null
            ],
            [
              95.939597037000055,
              5.3832629990000385,
              0,
              null
            ],
            [
              95.93954255800007,
              5.3832714210001136,
              0,
              null
            ],
            [
              95.939486580000064,
              5.383268240000028,
              0,
              null
            ],
            [
              95.939401749000055,
              5.3832430000000713,
              0,
              null
            ],
            [
              95.939287971000056,
              5.3831554880000247,
              0,
              null
            ],
            [
              95.939229660000123,
              5.383088831000105,
              0,
              null
            ],
            [
              95.939157820000034,
              5.3830020190000276,
              0,
              null
            ],
            [
              95.939084954000052,
              5.3829098820000425,
              0,
              null
            ],
            [
              95.939023547000033,
              5.3828272580000451,
              0,
              null
            ],
            [
              95.938938948000043,
              5.3826852880000224,
              0,
              null
            ],
            [
              95.938876502000127,
              5.3825178590001137,
              0,
              null
            ],
            [
              95.938844190000026,
              5.3824007440000159,
              0,
              null
            ],
            [
              95.938808808000033,
              5.382258157000031,
              0,
              null
            ],
            [
              95.938774607000127,
              5.3821080830000483,
              0,
              null
            ],
            [
              95.938745847000064,
              5.3819684720000431,
              0,
              null
            ],
            [
              95.938716332000098,
              5.3817974780001059,
              0,
              null
            ],
            [
              95.938694097000038,
              5.3816405620000012,
              0,
              null
            ],
            [
              95.938680150000039,
              5.3815182720000081,
              0,
              null
            ],
            [
              95.938670145000103,
              5.3813103040000314,
              0,
              null
            ],
            [
              95.938690318000084,
              5.3811616389999877,
              0,
              null
            ],
            [
              95.938745714000049,
              5.381058845000009,
              0,
              null
            ],
            [
              95.938854247000052,
              5.3809157530000711,
              0,
              null
            ],
            [
              95.9389363290001,
              5.3808230310000376,
              0,
              null
            ],
            [
              95.939035221000026,
              5.3807146880000438,
              0,
              null
            ],
            [
              95.939135723000078,
              5.3806037440000125,
              0,
              null
            ],
            [
              95.93922261700007,
              5.380503220000044,
              0,
              null
            ],
            [
              95.939313677000058,
              5.3803839740000363,
              0,
              null
            ],
            [
              95.939386638000059,
              5.3802745450000415,
              0,
              null
            ],
            [
              95.93944128800004,
              5.3801835100000588,
              0,
              null
            ],
            [
              95.939504478000032,
              5.3800687250000649,
              0,
              null
            ],
            [
              95.939553247000077,
              5.3799730290000518,
              0,
              null
            ],
            [
              95.939617612000063,
              5.3797877500000872,
              0,
              null
            ],
            [
              95.939633277000027,
              5.3796370200000503,
              0,
              null
            ],
            [
              95.939642100000057,
              5.3794394960000496,
              0,
              null
            ],
            [
              95.939644830000105,
              5.3793248500000672,
              0,
              null
            ],
            [
              95.939647421000046,
              5.3791998780000299,
              0,
              null
            ],
            [
              95.939650324000112,
              5.3790817800000283,
              0,
              null
            ],
            [
              95.939654019000059,
              5.3789877650000655,
              0,
              null
            ],
            [
              95.939692214000019,
              5.3787812900000347,
              0,
              null
            ],
            [
              95.939730866000019,
              5.3786717230000285,
              0,
              null
            ],
            [
              95.940175292000021,
              5.3788019980000605,
              0,
              null
            ],
            [
              95.940424279000112,
              5.3788556840000616,
              0,
              null
            ],
            [
              95.94088747300006,
              5.3788549950000046,
              0,
              null
            ],
            [
              95.941923037000038,
              5.3787774550000726,
              0,
              null
            ],
            [
              95.943337688000028,
              5.3786709860000563,
              0,
              null
            ],
            [
              95.945449338000046,
              5.3784871170000308,
              0,
              null
            ],
            [
              95.945741783000074,
              5.3784652090000833,
              0,
              null
            ],
            [
              95.947251598000037,
              5.3783521010000506,
              0,
              null
            ],
            [
              95.947805399000032,
              5.3783911080000806,
              0,
              null
            ],
            [
              95.948299470000052,
              5.3785345900000507,
              0,
              null
            ],
            [
              95.948629154000059,
              5.3786967550000568,
              0,
              null
            ],
            [
              95.949545089000082,
              5.3790229750000478,
              0,
              null
            ],
            [
              95.950525015000068,
              5.3791765550000541,
              0,
              null
            ],
            [
              95.951446619000123,
              5.3792632580000337,
              0,
              null
            ],
            [
              95.951325278000027,
              5.3784170530000068,
              0,
              null
            ],
            [
              95.951138161000088,
              5.3783662710000684,
              0,
              null
            ],
            [
              95.950747640000017,
              5.3769825570000656,
              0,
              null
            ],
            [
              95.951877695000078,
              5.3766890400000271,
              0,
              null
            ],
            [
              95.952318279000039,
              5.3765139130000144,
              0,
              null
            ],
            [
              95.952327884000027,
              5.3764832450000526,
              0,
              null
            ],
            [
              95.952306671000045,
              5.3763792740000653,
              0,
              null
            ],
            [
              95.952275850000078,
              5.3762498410001029,
              0,
              null
            ],
            [
              95.952215865000085,
              5.3760791220000108,
              0,
              null
            ],
            [
              95.952185641000071,
              5.3759309810000993,
              0,
              null
            ],
            [
              95.952226208000056,
              5.3758005190000517,
              0,
              null
            ],
            [
              95.952312232000068,
              5.3757338360000411,
              0,
              null
            ],
            [
              95.952429190000061,
              5.3756860560000845,
              0,
              null
            ],
            [
              95.952756251000039,
              5.3755597410001137,
              0,
              null
            ],
            [
              95.953432703000047,
              5.3749246390000565,
              0,
              null
            ],
            [
              95.954427775000042,
              5.3735964200000268,
              0,
              null
            ],
            [
              95.954699647000069,
              5.3735544760000202,
              0,
              null
            ],
            [
              95.954753029000045,
              5.3735897770000989,
              0,
              null
            ],
            [
              95.954838502000101,
              5.3736382590001135,
              0,
              null
            ],
            [
              95.954930670000095,
              5.3736732460000773,
              0,
              null
            ],
            [
              95.954973846000115,
              5.3736838330000651,
              0,
              null
            ],
            [
              95.954978849999989,
              5.3736839970000787,
              0,
              null
            ],
            [
              95.955035233000032,
              5.3736858390000535,
              0,
              null
            ],
            [
              95.955125541000044,
              5.373673169000071,
              0,
              null
            ],
            [
              95.955195052000121,
              5.3736474630000757,
              0,
              null
            ],
            [
              95.955246313000004,
              5.3736207430000853,
              0,
              null
            ],
            [
              95.955382399000072,
              5.3735604100000671,
              0,
              null
            ],
            [
              95.955475749000072,
              5.3735263670000926,
              0,
              null
            ],
            [
              95.955565225000015,
              5.3734984140000002,
              0,
              null
            ],
            [
              95.955715166000076,
              5.3734736459999937,
              0,
              null
            ],
            [
              95.955826169000019,
              5.3734644350000309,
              0,
              null
            ],
            [
              95.955945584000048,
              5.3734612900000371,
              0,
              null
            ],
            [
              95.956048230000093,
              5.3734726010000848,
              0,
              null
            ],
            [
              95.956137631000033,
              5.3734946100000407,
              0,
              null
            ],
            [
              95.956332398000072,
              5.3735851140000683,
              0,
              null
            ],
            [
              95.956435979000034,
              5.3736446020001054,
              0,
              null
            ],
            [
              95.956564282000073,
              5.3737199340000323,
              0,
              null
            ],
            [
              95.956696726000104,
              5.37379778399999,
              0,
              null
            ],
            [
              95.956833989000103,
              5.3738768400000474,
              0,
              null
            ],
            [
              95.956976509000071,
              5.3739542980000614,
              0,
              null
            ],
            [
              95.957103432000096,
              5.3740144950000683,
              0,
              null
            ],
            [
              95.957272422000045,
              5.3740665280001103,
              0,
              null
            ],
            [
              95.957441941000042,
              5.3740920600000912,
              0,
              null
            ],
            [
              95.957571911000045,
              5.374101765000006,
              0,
              null
            ],
            [
              95.957730197000089,
              5.3741084240000241,
              0,
              null
            ],
            [
              95.957907946000049,
              5.3741114100000935,
              0,
              null
            ],
            [
              95.958029746000093,
              5.3741112529999917,
              0,
              null
            ],
            [
              95.958166079000094,
              5.3741095980000324,
              0,
              null
            ],
            [
              95.958305541000087,
              5.3741063920000336,
              0,
              null
            ],
            [
              95.958429709000058,
              5.3741018210000995,
              0,
              null
            ],
            [
              95.9584367020001,
              5.3741015630000781,
              0,
              null
            ],
            [
              95.95854814100008,
              5.3740950419999827,
              0,
              null
            ],
            [
              95.958754059000071,
              5.3740700650000477,
              0,
              null
            ],
            [
              95.958873654000016,
              5.374046429000046,
              0,
              null
            ],
            [
              95.958947217000059,
              5.374029132000036,
              0,
              null
            ],
            [
              95.959054447000057,
              5.373992816000051,
              0,
              null
            ],
            [
              95.959184790000094,
              5.3739324560000306,
              0,
              null
            ],
            [
              95.959296871000035,
              5.3738480990000674,
              0,
              null
            ],
            [
              95.959400954000031,
              5.3737576270000424,
              0,
              null
            ],
            [
              95.959467234000016,
              5.3736992850000114,
              0,
              null
            ],
            [
              95.959531124000065,
              5.3736464840000835,
              0,
              null
            ],
            [
              95.959625562000056,
              5.3735934360000464,
              0,
              null
            ],
            [
              95.959748871000045,
              5.373543581000007,
              0,
              null
            ],
            [
              95.959851491000009,
              5.3735310310000344,
              0,
              null
            ],
            [
              95.959948930000081,
              5.3735336300000718,
              0,
              null
            ],
            [
              95.960031312000055,
              5.3735618240000065,
              0,
              null
            ],
            [
              95.96013108300005,
              5.3736460750000496,
              0,
              null
            ],
            [
              95.960199638000034,
              5.3737193199999815,
              0,
              null
            ],
            [
              95.960239404000049,
              5.3738189500000537,
              0,
              null
            ],
            [
              95.960250024000032,
              5.3739386520000103,
              0,
              null
            ],
            [
              95.960235943000029,
              5.3740969160000489,
              0,
              null
            ],
            [
              95.960236610000081,
              5.3741884330000715,
              0,
              null
            ],
            [
              95.960242068000085,
              5.3742975170000378,
              0,
              null
            ],
            [
              95.96025213800003,
              5.3743985110000452,
              0,
              null
            ],
            [
              95.960277591000093,
              5.3745227210000195,
              0,
              null
            ],
            [
              95.960306272000068,
              5.3746155020000579,
              0,
              null
            ],
            [
              95.960355583000066,
              5.3747187450000737,
              0,
              null
            ],
            [
              95.960427143000032,
              5.3747793990000297,
              0,
              null
            ],
            [
              95.960547477000048,
              5.3748228760000742,
              0,
              null
            ],
            [
              95.960654908000052,
              5.3748376860000562,
              0,
              null
            ],
            [
              95.96078831300008,
              5.3748362980000302,
              0,
              null
            ],
            [
              95.960902787000038,
              5.3748312610000575,
              0,
              null
            ],
            [
              95.961021169000063,
              5.3748251299999943,
              0,
              null
            ],
            [
              95.961194621000033,
              5.374812127000073,
              0,
              null
            ],
            [
              95.96128767800009,
              5.374803309000054,
              0,
              null
            ],
            [
              95.961374696000092,
              5.3747966610000368,
              0,
              null
            ],
            [
              95.96148867600003,
              5.3748030460000322,
              0,
              null
            ],
            [
              95.961616042000088,
              5.3748297930000248,
              0,
              null
            ],
            [
              95.961771449000068,
              5.3748731000000554,
              0,
              null
            ],
            [
              95.961861025000104,
              5.3749031030000509,
              0,
              null
            ],
            [
              95.961953813000051,
              5.3749356730000812,
              0,
              null
            ],
            [
              95.962042068000073,
              5.3749667930000804,
              0,
              null
            ],
            [
              95.96210853500007,
              5.374990186000062,
              0,
              null
            ],
            [
              95.962136457000071,
              5.3750000150000758,
              0,
              null
            ],
            [
              95.962192318000064,
              5.375032124000068,
              0,
              null
            ],
            [
              95.962316346000122,
              5.3751031740000847,
              0,
              null
            ],
            [
              95.962440390000083,
              5.3751737640000634,
              0,
              null
            ],
            [
              95.962557507000085,
              5.3752396530000084,
              0,
              null
            ],
            [
              95.962673606000095,
              5.3753040020000924,
              0,
              null
            ],
            [
              95.962790445000081,
              5.3753685290001023,
              0,
              null
            ],
            [
              95.962894779000109,
              5.3754268090000394,
              0,
              null
            ],
            [
              95.962973387000034,
              5.3754724400000846,
              0,
              null
            ],
            [
              95.963086878000098,
              5.3755603369999854,
              0,
              null
            ],
            [
              95.963123504000109,
              5.3756034710000016,
              0,
              null
            ],
            [
              95.963153945000059,
              5.3756572950000141,
              0,
              null
            ],
            [
              95.963166203000085,
              5.3756972670000351,
              0,
              null
            ],
            [
              95.963181537000111,
              5.3756870290000762,
              0,
              null
            ],
            [
              95.963280537000045,
              5.3756173800000866,
              0,
              null
            ],
            [
              95.963365173000028,
              5.3755506090000686,
              0,
              null
            ],
            [
              95.963460949000051,
              5.3754629600000108,
              0,
              null
            ],
            [
              95.963556748000073,
              5.3753539720000525,
              0,
              null
            ],
            [
              95.963639898000025,
              5.3752466350000532,
              0,
              null
            ],
            [
              95.963736132000079,
              5.3750933750000733,
              0,
              null
            ],
            [
              95.963774489000059,
              5.3750000130000757,
              0,
              null
            ],
            [
              95.963815742000094,
              5.3748784440000534,
              0,
              null
            ],
            [
              95.963820301000027,
              5.3747810389999877,
              0,
              null
            ],
            [
              95.963818129000032,
              5.3747067850000612,
              0,
              null
            ],
            [
              95.963811183000075,
              5.3746497750000515,
              0,
              null
            ],
            [
              95.963788276000045,
              5.374591622000036,
              0,
              null
            ],
            [
              95.963748936000073,
              5.3745129150000075,
              0,
              null
            ],
            [
              95.963705796000056,
              5.3744333579999974,
              0,
              null
            ],
            [
              95.963651599000016,
              5.3743395000000476,
              0,
              null
            ],
            [
              95.96359181000004,
              5.3742487039999958,
              0,
              null
            ],
            [
              95.963527864000085,
              5.3741705230000107,
              0,
              null
            ],
            [
              95.963376889000116,
              5.3740613780000395,
              0,
              null
            ],
            [
              95.963270683000118,
              5.3739961680000619,
              0,
              null
            ],
            [
              95.963103529000051,
              5.3738929290000463,
              0,
              null
            ],
            [
              95.963009218000067,
              5.3738342649999886,
              0,
              null
            ],
            [
              95.962897914000095,
              5.3737642550000579,
              0,
              null
            ],
            [
              95.962781920000097,
              5.3736898770000323,
              0,
              null
            ],
            [
              95.962673555000009,
              5.373618109000045,
              0,
              null
            ],
            [
              95.962585105000059,
              5.3735559290000516,
              0,
              null
            ],
            [
              95.96244679600008,
              5.3734359170000694,
              0,
              null
            ],
            [
              95.962377478000022,
              5.373352277999988,
              0,
              null
            ],
            [
              95.962304410000016,
              5.3732425010000533,
              0,
              null
            ],
            [
              95.962286025000097,
              5.373159491000024,
              0,
              null
            ],
            [
              95.962292016000063,
              5.3730356520000804,
              0,
              null
            ],
            [
              95.962313584000071,
              5.3729382180001011,
              0,
              null
            ],
            [
              95.962342393000057,
              5.3728467300000808,
              0,
              null
            ],
            [
              95.962402630000057,
              5.3727635990000415,
              0,
              null
            ],
            [
              95.962464855000064,
              5.3727226410000277,
              0,
              null
            ],
            [
              95.962538690000045,
              5.3726927400000406,
              0,
              null
            ],
            [
              95.962764990000025,
              5.3726382370000607,
              0,
              null
            ],
            [
              95.962859993000066,
              5.3726201590000748,
              0,
              null
            ],
            [
              95.962977649000038,
              5.3725982110000352,
              0,
              null
            ],
            [
              95.963107165000096,
              5.3725740289999884,
              0,
              null
            ],
            [
              95.963237724000052,
              5.3725492460000694,
              0,
              null
            ],
            [
              95.963358544000101,
              5.3725254940000582,
              0,
              null
            ],
            [
              95.963458815000052,
              5.3725043990000003,
              0,
              null
            ],
            [
              95.963650270000088,
              5.372452856999999,
              0,
              null
            ],
            [
              95.963740442000088,
              5.3724180880000532,
              0,
              null
            ],
            [
              95.9638308440001,
              5.3723824230000332,
              0,
              null
            ],
            [
              95.963943532000101,
              5.3723379950000876,
              0,
              null
            ],
            [
              95.964041062000007,
              5.3722979950000642,
              0,
              null
            ],
            [
              95.964167846000095,
              5.372241979000048,
              0,
              null
            ],
            [
              95.964297454000075,
              5.3721679800000537,
              0,
              null
            ],
            [
              95.964406210000021,
              5.3720933140000042,
              0,
              null
            ],
            [
              95.964472365000077,
              5.3720411250000382,
              0,
              null
            ],
            [
              95.964551584000048,
              5.3719522650000577,
              0,
              null
            ],
            [
              95.964643238000093,
              5.3718493579999809,
              0,
              null
            ],
            [
              95.964741475000039,
              5.3717207259999959,
              0,
              null
            ],
            [
              95.964793614000101,
              5.3716352410000283,
              0,
              null
            ],
            [
              95.964852912000111,
              5.3715353650000246,
              0,
              null
            ],
            [
              95.964902679000062,
              5.371453234000068,
              0,
              null
            ],
            [
              95.964985374000065,
              5.3713542200000468,
              0,
              null
            ],
            [
              95.965075917000007,
              5.3712955620000784,
              0,
              null
            ],
            [
              95.96518378500005,
              5.3712370270000314,
              0,
              null
            ],
            [
              95.965275025000054,
              5.3711900100000491,
              0,
              null
            ],
            [
              95.965375145000067,
              5.3711397340000637,
              0,
              null
            ],
            [
              95.965547079000004,
              5.3710611200000429,
              0,
              null
            ],
            [
              95.965630550000071,
              5.3710273770000931,
              0,
              null
            ],
            [
              95.965711063000072,
              5.3709973980000107,
              0,
              null
            ],
            [
              95.965847243000056,
              5.3709532169999967,
              0,
              null
            ],
            [
              95.965961933000045,
              5.370910983000055,
              0,
              null
            ],
            [
              95.966083997000013,
              5.370852170999985,
              0,
              null
            ],
            [
              95.966169523000076,
              5.3707905730000398,
              0,
              null
            ],
            [
              95.966245518000051,
              5.3707117570000023,
              0,
              null
            ],
            [
              95.966367247000093,
              5.3705835260000505,
              0,
              null
            ],
            [
              95.966451291000027,
              5.3705026370001079,
              0,
              null
            ],
            [
              95.966537211000031,
              5.37042071800008,
              0,
              null
            ],
            [
              95.966546452000088,
              5.3709254880001005,
              0,
              null
            ],
            [
              95.966388687000091,
              5.3715621370001081,
              0,
              null
            ],
            [
              95.966487651000108,
              5.3718358400001058,
              0,
              null
            ],
            [
              95.967150167000028,
              5.3727779010000702,
              0,
              null
            ],
            [
              95.967616171000046,
              5.3734931870001006,
              0,
              null
            ],
            [
              95.967720086000028,
              5.3736506580000736,
              0,
              null
            ],
            [
              95.968017914000072,
              5.3737648280000165,
              0,
              null
            ],
            [
              95.969011891000065,
              5.3733273340000558,
              0,
              null
            ],
            [
              95.969731422999999,
              5.3729077240000649,
              0,
              null
            ],
            [
              95.970297414000115,
              5.3725332440000777,
              0,
              null
            ],
            [
              95.970606825000047,
              5.3724112850000232,
              0,
              null
            ],
            [
              95.970722466000026,
              5.3723891560000574,
              0,
              null
            ],
            [
              95.970919119000129,
              5.3723406410000401,
              0,
              null
            ],
            [
              95.971438187999993,
              5.3723150080000508,
              0,
              null
            ],
            [
              95.971818545000119,
              5.3723527840000678,
              0,
              null
            ],
            [
              95.972281999000089,
              5.372807087000087,
              0,
              null
            ],
            [
              95.972610908000036,
              5.3728959190000651,
              0,
              null
            ],
            [
              95.972909747000074,
              5.3728726850000967,
              0,
              null
            ],
            [
              95.97305823100001,
              5.3731884250000199,
              0,
              null
            ],
            [
              95.973181738000022,
              5.3734872940000571,
              0,
              null
            ],
            [
              95.97334114300007,
              5.3736393070001114,
              0,
              null
            ],
            [
              95.973591436000078,
              5.3736564220001064,
              0,
              null
            ],
            [
              95.973714319000038,
              5.3738269480000049,
              0,
              null
            ],
            [
              95.973788173000102,
              5.3739549340000252,
              0,
              null
            ],
            [
              95.974013787000032,
              5.3739171620000974,
              0,
              null
            ],
            [
              95.97433037700003,
              5.3737628280000287,
              0,
              null
            ],
            [
              95.974464836000053,
              5.3738049530000502,
              0,
              null
            ],
            [
              95.974605729000075,
              5.3739142750000362,
              0,
              null
            ],
            [
              95.97491041300006,
              5.3738211150000552,
              0,
              null
            ],
            [
              95.97535494400006,
              5.3736233740000365,
              0,
              null
            ],
            [
              95.97582769200001,
              5.3733382530000711,
              0,
              null
            ],
            [
              95.976380534000015,
              5.3731843450000376,
              0,
              null
            ],
            [
              95.977401006000065,
              5.3730836010000509,
              0,
              null
            ],
            [
              95.981698226000091,
              5.3733226310000219,
              0,
              null
            ]
          ]
        ]
      },
      "properties" : {
        "FID" : 0,
        "KDPPUM" : " ",
        "NAMOBJ" : "KOTA SIGLI",
        "REMARK" : "Wilayah Administrasi Kecamatan",
        "KDPBPS" : " ",
        "FCODE" : " ",
        "LUASWH" : 0,
        "UUPP" : " ",
        "SRS_ID" : " ",
        "LCODE" : "BA0080",
        "METADATA" : " ",
        "KDEBPS" : " ",
        "KDEPUM" : " ",
        "KDCBPS" : " ",
        "KDCPUM" : " ",
        "KDBBPS" : " ",
        "KDBPUM" : " ",
        "WADMKD" : " ",
        "WIADKD" : " ",
        "WADMKC" : " ",
        "WIADKC" : " ",
        "WADMKK" : "PIDIE",
        "WIADKK" : " ",
        "WADMPR" : "ACEH",
        "WIADPR" : " ",
        "TIPADM" : 0,
        "Shape_Leng" : 0.186863617052,
        "Shape_Area" : 0.00049094177937599999
      }
    }
  ]
}