{
  "hasZ" : true,
  "hasM" : true,
  "type" : "FeatureCollection",
  "features" : [
    {
      "type" : "Feature",
      "id" : 0,
      "geometry" : {
        "type" : "Polygon",
        "coordinates" : [
          [
            [
              96.052788345000053,
              5.2908348859999847,
              0,
              null
            ],
            [
              96.052456176000106,
              5.2917699340000794,
              0,
              null
            ],
            [
              96.052124004000063,
              5.2927049840000855,
              0,
              null
            ],
            [
              96.051204872000042,
              5.292726783000024,
              0,
              null
            ],
            [
              96.050285741000025,
              5.2927485820000513,
              0,
              null
            ],
            [
              96.0493666120001,
              5.2927703800000785,
              0,
              null
            ],
            [
              96.048447482000071,
              5.2927921760000167,
              0,
              null
            ],
            [
              96.047528353000047,
              5.2928139710000437,
              0,
              null
            ],
            [
              96.046911369000071,
              5.2930829980000098,
              0,
              null
            ],
            [
              96.046487226000067,
              5.2934314800000664,
              0,
              null
            ],
            [
              96.046146781000047,
              5.2937111950000286,
              0,
              null
            ],
            [
              96.04538219100003,
              5.2943393890000472,
              0,
              null
            ],
            [
              96.043915948000034,
              5.2947187340000816,
              0,
              null
            ],
            [
              96.04288499000009,
              5.2945953529999983,
              0,
              null
            ],
            [
              96.04185403300005,
              5.2944719700000924,
              0,
              null
            ],
            [
              96.040823077000098,
              5.2943485860000976,
              0,
              null
            ],
            [
              96.039792123000069,
              5.2942252010001027,
              0,
              null
            ],
            [
              96.038871003000054,
              5.2940212470000141,
              0,
              null
            ],
            [
              96.037949885000046,
              5.2938172920000142,
              0,
              null
            ],
            [
              96.037028767000038,
              5.2936133360000142,
              0,
              null
            ],
            [
              96.036119958000072,
              5.2936692250000199,
              0,
              null
            ],
            [
              96.035211150000109,
              5.2937251130000256,
              0,
              null
            ],
            [
              96.03430234300005,
              5.2937809990000311,
              0,
              null
            ],
            [
              96.033393536000091,
              5.2938368850000366,
              0,
              null
            ],
            [
              96.032530283000071,
              5.2938899670000765,
              0,
              null
            ],
            [
              96.032484729000032,
              5.2938927680000418,
              0,
              null
            ],
            [
              96.031575924000066,
              5.293948650000047,
              0,
              null
            ],
            [
              96.030667118000096,
              5.294004530000052,
              0,
              null
            ],
            [
              96.029758314000048,
              5.294060410000057,
              0,
              null
            ],
            [
              96.028849510000072,
              5.2941162870000618,
              0,
              null
            ],
            [
              96.027940706000024,
              5.2941721640000665,
              0,
              null
            ],
            [
              96.026356547000049,
              5.2938335770000293,
              0,
              null
            ],
            [
              96.025507211000019,
              5.2934906119999852,
              0,
              null
            ],
            [
              96.024411477000044,
              5.2931307970000567,
              0,
              null
            ],
            [
              96.023315746000065,
              5.2927709810000394,
              0,
              null
            ],
            [
              96.022674688000052,
              5.2925604690000299,
              0,
              null
            ],
            [
              96.022220016000091,
              5.2924111630000219,
              0,
              null
            ],
            [
              96.021818474999989,
              5.2917273840001116,
              0,
              null
            ],
            [
              96.021831717000026,
              5.291180881000102,
              0,
              null
            ],
            [
              96.022010623000085,
              5.2902089660000655,
              0,
              null
            ],
            [
              96.021574369000049,
              5.2894809240000455,
              0,
              null
            ],
            [
              96.020366029000073,
              5.288529269999998,
              0,
              null
            ],
            [
              96.019897435000118,
              5.2880150169999922,
              0,
              null
            ],
            [
              96.019583769000107,
              5.2874221680000559,
              0,
              null
            ],
            [
              96.019166284000022,
              5.2869293650000486,
              0,
              null
            ],
            [
              96.018372063000029,
              5.2863073010000043,
              0,
              null
            ],
            [
              96.017412068000098,
              5.2857178300000811,
              0,
              null
            ],
            [
              96.016928968000087,
              5.2851490120000015,
              0,
              null
            ],
            [
              96.016562767000082,
              5.2845663640000211,
              0,
              null
            ],
            [
              96.016169119000011,
              5.2841744820000152,
              0,
              null
            ],
            [
              96.015618225000082,
              5.2840785240000692,
              0,
              null
            ],
            [
              96.015148133000096,
              5.2841078450000083,
              0,
              null
            ],
            [
              96.014709977000081,
              5.2839298000001094,
              0,
              null
            ],
            [
              96.014262768000023,
              5.2832420410000474,
              0,
              null
            ],
            [
              96.014087762000017,
              5.2829881309999998,
              0,
              null
            ],
            [
              96.013488484000078,
              5.2824308060000718,
              0,
              null
            ],
            [
              96.012441015000007,
              5.281958151000044,
              0,
              null
            ],
            [
              96.011398972000038,
              5.2813279080000335,
              0,
              null
            ],
            [
              96.010578832000121,
              5.2811732550000272,
              0,
              null
            ],
            [
              96.010489554000017,
              5.2809360970000334,
              0,
              null
            ],
            [
              96.010312832000054,
              5.2802806610000701,
              0,
              null
            ],
            [
              96.010191127000013,
              5.2789738510000355,
              0,
              null
            ],
            [
              96.009936865000029,
              5.2781048370000754,
              0,
              null
            ],
            [
              96.009682604000048,
              5.2772358240000266,
              0,
              null
            ],
            [
              96.009639815000057,
              5.2770895800000943,
              0,
              null
            ],
            [
              96.009428342000049,
              5.2763668110000665,
              0,
              null
            ],
            [
              96.009380821000036,
              5.2758680660000117,
              0,
              null
            ],
            [
              96.009423642000016,
              5.2748031400000954,
              0,
              null
            ],
            [
              96.009598831000034,
              5.2745163839999947,
              0,
              null
            ],
            [
              96.010111043000052,
              5.2741078040000282,
              0,
              null
            ],
            [
              96.01072102500008,
              5.273786912000034,
              0,
              null
            ],
            [
              96.011141231000025,
              5.2734150650000871,
              0,
              null
            ],
            [
              96.011327832000106,
              5.2728754450000253,
              0,
              null
            ],
            [
              96.011391860000074,
              5.2716395079999927,
              0,
              null
            ],
            [
              96.011756655000056,
              5.2713748750000349,
              0,
              null
            ],
            [
              96.012290622000094,
              5.2711370010000707,
              0,
              null
            ],
            [
              96.013134557000015,
              5.2710157319999844,
              0,
              null
            ],
            [
              96.013578991000017,
              5.2708292740000111,
              0,
              null
            ],
            [
              96.013573206000075,
              5.270521869000067,
              0,
              null
            ],
            [
              96.01338768300009,
              5.2700807320000713,
              0,
              null
            ],
            [
              96.013004186000074,
              5.2694636669999966,
              0,
              null
            ],
            [
              96.012726989000043,
              5.2686963280000114,
              0,
              null
            ],
            [
              96.012516884000078,
              5.2678302140001136,
              0,
              null
            ],
            [
              96.012503968000075,
              5.2672271340000414,
              0,
              null
            ],
            [
              96.012312574000049,
              5.266749443000041,
              0,
              null
            ],
            [
              96.011993551000032,
              5.2664458200000546,
              0,
              null
            ],
            [
              96.010900334999988,
              5.2657818640000968,
              0,
              null
            ],
            [
              96.010391162000047,
              5.265359202000031,
              0,
              null
            ],
            [
              96.011270604000075,
              5.2645893360000144,
              0,
              null
            ],
            [
              96.012381501000064,
              5.2641524550000156,
              0,
              null
            ],
            [
              96.013122004000053,
              5.263881118000036,
              0,
              null
            ],
            [
              96.014689039000118,
              5.2633812270000639,
              0,
              null
            ],
            [
              96.015419416000071,
              5.2633776890000377,
              0,
              null
            ],
            [
              96.016568706000029,
              5.2635793890000286,
              0,
              null
            ],
            [
              96.017717998000094,
              5.2637810880000195,
              0,
              null
            ],
            [
              96.018991898000067,
              5.2639450720000873,
              0,
              null
            ],
            [
              96.020265800000047,
              5.264109053000066,
              0,
              null
            ],
            [
              96.021240348000035,
              5.2642736690000085,
              0,
              null
            ],
            [
              96.022275196000038,
              5.2645706360000659,
              0,
              null
            ],
            [
              96.023221584000098,
              5.2650712790000114,
              0,
              null
            ],
            [
              96.024136715000054,
              5.2652872310000269,
              0,
              null
            ],
            [
              96.025051848000004,
              5.2655031840000426,
              0,
              null
            ],
            [
              96.025966982000057,
              5.2657191350000581,
              0,
              null
            ],
            [
              96.026882117000099,
              5.2659350849999846,
              0,
              null
            ],
            [
              96.02779725300006,
              5.2661510340000888,
              0,
              null
            ],
            [
              96.028712391000099,
              5.2663669820000152,
              0,
              null
            ],
            [
              96.029290987000095,
              5.2665035160000322,
              0,
              null
            ],
            [
              96.030542671000021,
              5.2667988760000455,
              0,
              null
            ],
            [
              96.03139615000002,
              5.2672984270000782,
              0,
              null
            ],
            [
              96.032249632000031,
              5.2677979790000222,
              0,
              null
            ],
            [
              96.032872279000031,
              5.2680541820000819,
              0,
              null
            ],
            [
              96.034122092000061,
              5.2685814570000105,
              0,
              null
            ],
            [
              96.034524174000111,
              5.268749696000075,
              0,
              null
            ],
            [
              96.035058324000076,
              5.2689731950000933,
              0,
              null
            ],
            [
              96.035658509000086,
              5.2691546880000999,
              0,
              null
            ],
            [
              96.036287513000076,
              5.2694872940000863,
              0,
              null
            ],
            [
              96.036929616000094,
              5.2699293440000687,
              0,
              null
            ],
            [
              96.038010890000038,
              5.2709706550000739,
              0,
              null
            ],
            [
              96.038936950000092,
              5.2710468330000708,
              0,
              null
            ],
            [
              96.039863010000062,
              5.2711230100000677,
              0,
              null
            ],
            [
              96.040789071000034,
              5.2711991870000645,
              0,
              null
            ],
            [
              96.0417151340001,
              5.2712753620000612,
              0,
              null
            ],
            [
              96.04264119700008,
              5.2713515350000577,
              0,
              null
            ],
            [
              96.043567261000049,
              5.2714277080000542,
              0,
              null
            ],
            [
              96.044493327000026,
              5.2715038780000505,
              0,
              null
            ],
            [
              96.045419392999989,
              5.2715800480000468,
              0,
              null
            ],
            [
              96.046487867000025,
              5.2716291930000274,
              0,
              null
            ],
            [
              96.046515930000041,
              5.2721494829999997,
              0,
              null
            ],
            [
              96.046600262000084,
              5.2727413040000286,
              0,
              null
            ],
            [
              96.046636265000046,
              5.2728192130000799,
              0,
              null
            ],
            [
              96.046904334000018,
              5.2729319980000859,
              0,
              null
            ],
            [
              96.047045728000086,
              5.2729722920000448,
              0,
              null
            ],
            [
              96.047224551000056,
              5.2730231950000821,
              0,
              null
            ],
            [
              96.047582330000083,
              5.2730958010000499,
              0,
              null
            ],
            [
              96.047825087000007,
              5.2731318680001031,
              0,
              null
            ],
            [
              96.048295287000087,
              5.2729658400000439,
              0,
              null
            ],
            [
              96.048550215000049,
              5.2734301180000003,
              0,
              null
            ],
            [
              96.04873034000012,
              5.2739067650000919,
              0,
              null
            ],
            [
              96.048976146000115,
              5.274397815000043,
              0,
              null
            ],
            [
              96.049119489000077,
              5.2747518670000275,
              0,
              null
            ],
            [
              96.049404972000076,
              5.2754377920000266,
              0,
              null
            ],
            [
              96.049426906000107,
              5.2759585770000399,
              0,
              null
            ],
            [
              96.0496844070001,
              5.2764955750000624,
              0,
              null
            ],
            [
              96.050178001000077,
              5.2771660700000282,
              0,
              null
            ],
            [
              96.050372445000093,
              5.2775474270000515,
              0,
              null
            ],
            [
              96.050378474000055,
              5.2779592200001062,
              0,
              null
            ],
            [
              96.050339907000065,
              5.2781272260000627,
              0,
              null
            ],
            [
              96.050234046000099,
              5.2785034970000204,
              0,
              null
            ],
            [
              96.050230279000061,
              5.2787318029999923,
              0,
              null
            ],
            [
              96.050238504000021,
              5.2789379870000879,
              0,
              null
            ],
            [
              96.050253692000041,
              5.2791165020000257,
              0,
              null
            ],
            [
              96.050330909000124,
              5.2793762750000255,
              0,
              null
            ],
            [
              96.050373329000081,
              5.279532500000073,
              0,
              null
            ],
            [
              96.050420695000085,
              5.2796735010000155,
              0,
              null
            ],
            [
              96.050481040000108,
              5.2797924720000893,
              0,
              null
            ],
            [
              96.050565379000076,
              5.27996004600001,
              0,
              null
            ],
            [
              96.050870779000022,
              5.2802620510000402,
              0,
              null
            ],
            [
              96.051591105000028,
              5.2801112259999954,
              0,
              null
            ],
            [
              96.052095041000072,
              5.2799749870000916,
              0,
              null
            ],
            [
              96.05240293600005,
              5.2799804750001016,
              0,
              null
            ],
            [
              96.052593713000121,
              5.2801389810000714,
              0,
              null
            ],
            [
              96.052720321000024,
              5.2801907700000044,
              0,
              null
            ],
            [
              96.052901399000092,
              5.2802990760000839,
              0,
              null
            ],
            [
              96.053915906,
              5.2808237480000635,
              0,
              null
            ],
            [
              96.054191556000077,
              5.2813802460000119,
              0,
              null
            ],
            [
              96.05439029100009,
              5.281865472000014,
              0,
              null
            ],
            [
              96.054837117000019,
              5.2830115400000714,
              0,
              null
            ],
            [
              96.054967778999995,
              5.2831476000000492,
              0,
              null
            ],
            [
              96.055394504000049,
              5.2838904550000514,
              0,
              null
            ],
            [
              96.055341533000018,
              5.2839465780000765,
              0,
              null
            ],
            [
              96.055244537000064,
              5.2840493440000529,
              0,
              null
            ],
            [
              96.055237784000042,
              5.2841233680000492,
              0,
              null
            ],
            [
              96.055386601000095,
              5.2844677660000343,
              0,
              null
            ],
            [
              96.05541440800009,
              5.2845181990000327,
              0,
              null
            ],
            [
              96.055419439000062,
              5.2845273240000772,
              0,
              null
            ],
            [
              96.055417909000113,
              5.2845281000000526,
              0,
              null
            ],
            [
              96.054699723000027,
              5.2848926210000151,
              0,
              null
            ],
            [
              96.054994761000003,
              5.2856501820000794,
              0,
              null
            ],
            [
              96.055004009000058,
              5.2856739250000011,
              0,
              null
            ],
            [
              96.05343948700002,
              5.2863474420000394,
              0,
              null
            ],
            [
              96.052679215000083,
              5.2872499260001042,
              0,
              null
            ],
            [
              96.051571551000009,
              5.288410286000012,
              0,
              null
            ],
            [
              96.051340707000094,
              5.2886639750000413,
              0,
              null
            ],
            [
              96.051368412000073,
              5.2887091700000504,
              0,
              null
            ],
            [
              96.051286769000072,
              5.288723253000061,
              0,
              null
            ],
            [
              96.051294311000078,
              5.2887312220000098,
              0,
              null
            ],
            [
              96.051543053000046,
              5.2889940569999965,
              0,
              null
            ],
            [
              96.051633525000071,
              5.2891416370000393,
              0,
              null
            ],
            [
              96.052867918000075,
              5.2904801070000289,
              0,
              null
            ],
            [
              96.052952052000109,
              5.2905086530000816,
              0,
              null
            ],
            [
              96.053038275000048,
              5.2905739850000693,
              0,
              null
            ],
            [
              96.052788345000053,
              5.2908348859999847,
              0,
              null
            ]
          ]
        ]
      },
      "properties" : {
        "FID" : 0,
        "KDPPUM" : " ",
        "NAMOBJ" : "GLUMPANG BARO",
        "REMARK" : "Wilayah Administrasi Kecamatan",
        "KDPBPS" : " ",
        "FCODE" : " ",
        "LUASWH" : 0,
        "UUPP" : " ",
        "SRS_ID" : " ",
        "LCODE" : "BA0080",
        "METADATA" : " ",
        "KDEBPS" : " ",
        "KDEPUM" : " ",
        "KDCBPS" : " ",
        "KDCPUM" : " ",
        "KDBBPS" : " ",
        "KDBPUM" : " ",
        "WADMKD" : " ",
        "WIADKD" : " ",
        "WADMKC" : " ",
        "WIADKC" : " ",
        "WADMKK" : "PIDIE",
        "WIADKK" : " ",
        "WADMPR" : "ACEH",
        "WIADPR" : " ",
        "TIPADM" : 0,
        "Shape_Leng" : 0.13618217848299999,
        "Shape_Area" : 0.00096228265001299998
      }
    }
  ]
}