{
  "hasZ" : true,
  "hasM" : true,
  "type" : "FeatureCollection",
  "features" : [
    {
      "type" : "Feature",
      "id" : 0,
      "geometry" : {
        "type" : "Polygon",
        "coordinates" : [
          [
            [
              95.918165476000041,
              5.3660551550000051,
              0,
              null
            ],
            [
              95.917793349000078,
              5.3656019270000748,
              0,
              null
            ],
            [
              95.917651059000022,
              5.3654246150000589,
              0,
              null
            ],
            [
              95.91755673800013,
              5.3653189060000166,
              0,
              null
            ],
            [
              95.917455380000007,
              5.3652333040000393,
              0,
              null
            ],
            [
              95.91740095000003,
              5.3651920900000931,
              0,
              null
            ],
            [
              95.917327804000109,
              5.3651510500000725,
              0,
              null
            ],
            [
              95.917078429000071,
              5.3650634510000188,
              0,
              null
            ],
            [
              95.916898167000085,
              5.3650254119999801,
              0,
              null
            ],
            [
              95.915842286000029,
              5.3648160770000679,
              0,
              null
            ],
            [
              95.915745480000098,
              5.3647735070000095,
              0,
              null
            ],
            [
              95.915686139000073,
              5.3647145950001089,
              0,
              null
            ],
            [
              95.915669408000028,
              5.3646247920000505,
              0,
              null
            ],
            [
              95.91567103400007,
              5.3645286720000911,
              0,
              null
            ],
            [
              95.915769124000107,
              5.3642118300000767,
              0,
              null
            ],
            [
              95.915828168000104,
              5.3640593480000724,
              0,
              null
            ],
            [
              95.915861464000017,
              5.3639590600000346,
              0,
              null
            ],
            [
              95.915864910000039,
              5.363874225000032,
              0,
              null
            ],
            [
              95.915846531000028,
              5.3637535260000817,
              0,
              null
            ],
            [
              95.915610855000068,
              5.363231107000022,
              0,
              null
            ],
            [
              95.91544536800005,
              5.3628642750000459,
              0,
              null
            ],
            [
              95.915072694000031,
              5.3619882680000401,
              0,
              null
            ],
            [
              95.914646629000046,
              5.3618470100000764,
              0,
              null
            ],
            [
              95.913605650000065,
              5.3617423560000326,
              0,
              null
            ],
            [
              95.913447703000045,
              5.3617148040000622,
              0,
              null
            ],
            [
              95.913316080000087,
              5.361647801000025,
              0,
              null
            ],
            [
              95.913215357000098,
              5.3615495580000676,
              0,
              null
            ],
            [
              95.913138703000058,
              5.3614424549999988,
              0,
              null
            ],
            [
              95.913059217000054,
              5.3613428000000134,
              0,
              null
            ],
            [
              95.913008710000057,
              5.3612963270000762,
              0,
              null
            ],
            [
              95.912926182000064,
              5.3612428910000958,
              0,
              null
            ],
            [
              95.912865146000073,
              5.361237067000058,
              0,
              null
            ],
            [
              95.912778296000084,
              5.3612411090000371,
              0,
              null
            ],
            [
              95.91233149100006,
              5.3614053500000374,
              0,
              null
            ],
            [
              95.912276126000009,
              5.3614563700000843,
              0,
              null
            ],
            [
              95.912234982000072,
              5.3615538710000692,
              0,
              null
            ],
            [
              95.912218912000071,
              5.3616520020000173,
              0,
              null
            ],
            [
              95.912156879000094,
              5.3619219940000633,
              0,
              null
            ],
            [
              95.912115099000104,
              5.3619934300000232,
              0,
              null
            ],
            [
              95.91204920800007,
              5.3620347480000667,
              0,
              null
            ],
            [
              95.912012875000087,
              5.3620401270000677,
              0,
              null
            ],
            [
              95.910796786000091,
              5.3620204350000371,
              0,
              null
            ],
            [
              95.910002764000026,
              5.3620181980000297,
              0,
              null
            ],
            [
              95.909909784000064,
              5.3620017110000866,
              0,
              null
            ],
            [
              95.909866550000046,
              5.3619905280000495,
              0,
              null
            ],
            [
              95.909753251000083,
              5.3619261370000508,
              0,
              null
            ],
            [
              95.909704269000031,
              5.3619115479999984,
              0,
              null
            ],
            [
              95.909549262000084,
              5.3618851580000353,
              0,
              null
            ],
            [
              95.909254657000034,
              5.3617851740000226,
              0,
              null
            ],
            [
              95.908876261000088,
              5.361591077000039,
              0,
              null
            ],
            [
              95.90834537400012,
              5.3613935000000339,
              0,
              null
            ],
            [
              95.908217593000117,
              5.3613528570000462,
              0,
              null
            ],
            [
              95.908205899000038,
              5.3613516110000319,
              0,
              null
            ],
            [
              95.908153419000044,
              5.3613531130000673,
              0,
              null
            ],
            [
              95.908093508000064,
              5.3613600740000216,
              0,
              null
            ],
            [
              95.907984512000013,
              5.3613476380000584,
              0,
              null
            ],
            [
              95.907868885000042,
              5.3613045960000498,
              0,
              null
            ],
            [
              95.907340139000084,
              5.3610707950000673,
              0,
              null
            ],
            [
              95.90665148100004,
              5.3607748890000089,
              0,
              null
            ],
            [
              95.905665361000061,
              5.3601515930000403,
              0,
              null
            ],
            [
              95.904624085000066,
              5.3593657810000366,
              0,
              null
            ],
            [
              95.903662288000064,
              5.3587148470000017,
              0,
              null
            ],
            [
              95.902832212000035,
              5.358098281000057,
              0,
              null
            ],
            [
              95.902500417000027,
              5.3578843310000295,
              0,
              null
            ],
            [
              95.90248899500007,
              5.3578816410000734,
              0,
              null
            ],
            [
              95.902420176000049,
              5.357884229000021,
              0,
              null
            ],
            [
              95.902328977000053,
              5.3579078460000211,
              0,
              null
            ],
            [
              95.90112558900006,
              5.35856480000011,
              0,
              null
            ],
            [
              95.900661399000015,
              5.3588017220000843,
              0,
              null
            ],
            [
              95.900591751000022,
              5.3588140290000368,
              0,
              null
            ],
            [
              95.900475658000104,
              5.3588228940000597,
              0,
              null
            ],
            [
              95.9002932100001,
              5.3588059659999914,
              0,
              null
            ],
            [
              95.900074749000055,
              5.3587519430000512,
              0,
              null
            ],
            [
              95.899873801000041,
              5.358707313,
              0,
              null
            ],
            [
              95.899647999000095,
              5.3585906630000295,
              0,
              null
            ],
            [
              95.899485426000055,
              5.3584688290000742,
              0,
              null
            ],
            [
              95.89939734000005,
              5.3583516850000628,
              0,
              null
            ],
            [
              95.899346297000093,
              5.3582438740000242,
              0,
              null
            ],
            [
              95.899298951000091,
              5.3581086700000284,
              0,
              null
            ],
            [
              95.899290004000051,
              5.3580198270000494,
              0,
              null
            ],
            [
              95.899278979000115,
              5.3578915590000946,
              0,
              null
            ],
            [
              95.89924554800011,
              5.3575510090000726,
              0,
              null
            ],
            [
              95.89920881000009,
              5.357431667000057,
              0,
              null
            ],
            [
              95.899175042000053,
              5.3573520170000393,
              0,
              null
            ],
            [
              95.898785549000067,
              5.3567831340000431,
              0,
              null
            ],
            [
              95.898592689000097,
              5.3566369870000301,
              0,
              null
            ],
            [
              95.898487597000013,
              5.3566157130000462,
              0,
              null
            ],
            [
              95.898332399000054,
              5.356599790000061,
              0,
              null
            ],
            [
              95.898080243000052,
              5.356613986000081,
              0,
              null
            ],
            [
              95.897601822000084,
              5.3566509460000304,
              0,
              null
            ],
            [
              95.897461059000079,
              5.3566412930000311,
              0,
              null
            ],
            [
              95.897338882,
              5.356598209000019,
              0,
              null
            ],
            [
              95.897205480000068,
              5.3565273930000217,
              0,
              null
            ],
            [
              95.89580843100002,
              5.3556831400000675,
              0,
              null
            ],
            [
              95.895581068000041,
              5.3555670620000555,
              0,
              null
            ],
            [
              95.895510104000039,
              5.3555559340000229,
              0,
              null
            ],
            [
              95.895433161000057,
              5.3555562980000531,
              0,
              null
            ],
            [
              95.894991583000035,
              5.3556684230000933,
              0,
              null
            ],
            [
              95.894909739000099,
              5.3556709140000329,
              0,
              null
            ],
            [
              95.894839800000085,
              5.3556509210000662,
              0,
              null
            ],
            [
              95.894772040000078,
              5.3556125370000878,
              0,
              null
            ],
            [
              95.894689854000021,
              5.3555468739999839,
              0,
              null
            ],
            [
              95.894671054000071,
              5.3555096280000107,
              0,
              null
            ],
            [
              95.894408302000087,
              5.3556116140000114,
              0,
              null
            ],
            [
              95.894353495000075,
              5.355651968000064,
              0,
              null
            ],
            [
              95.894326217000042,
              5.3556887830000903,
              0,
              null
            ],
            [
              95.894303045000086,
              5.3557456600000002,
              0,
              null
            ],
            [
              95.894302130000099,
              5.3558408570000609,
              0,
              null
            ],
            [
              95.894353910000021,
              5.356369299000086,
              0,
              null
            ],
            [
              95.894401660000071,
              5.3570132750000781,
              0,
              null
            ],
            [
              95.894125022000097,
              5.3570716320000216,
              0,
              null
            ],
            [
              95.893993061000103,
              5.3571192670000549,
              0,
              null
            ],
            [
              95.893870416000084,
              5.3571858690000589,
              0,
              null
            ],
            [
              95.893679594000005,
              5.3573515830000034,
              0,
              null
            ],
            [
              95.893447929000033,
              5.3574564940000684,
              0,
              null
            ],
            [
              95.893326001000062,
              5.3574876630000716,
              0,
              null
            ],
            [
              95.893183147000059,
              5.3575181220000161,
              0,
              null
            ],
            [
              95.892981476000074,
              5.3575417560000176,
              0,
              null
            ],
            [
              95.892861235000069,
              5.3575532850000833,
              0,
              null
            ],
            [
              95.892334608000013,
              5.3575287140000931,
              0,
              null
            ],
            [
              95.891990563000064,
              5.3575512450000033,
              0,
              null
            ],
            [
              95.891836258000083,
              5.357636539000044,
              0,
              null
            ],
            [
              95.89217217900007,
              5.3582735829999955,
              0,
              null
            ],
            [
              95.892379804000115,
              5.3587757400000662,
              0,
              null
            ],
            [
              95.892452325000079,
              5.3590146740000293,
              0,
              null
            ],
            [
              95.892470857000006,
              5.3591599340000577,
              0,
              null
            ],
            [
              95.892457934000092,
              5.3592583880000326,
              0,
              null
            ],
            [
              95.892433913000062,
              5.3593680790000491,
              0,
              null
            ],
            [
              95.892098183000087,
              5.3600897220000725,
              0,
              null
            ],
            [
              95.892060724000004,
              5.3601905230000639,
              0,
              null
            ],
            [
              95.892034573000061,
              5.3603225860000663,
              0,
              null
            ],
            [
              95.892024096000085,
              5.3604657520000103,
              0,
              null
            ],
            [
              95.892020339000041,
              5.3606155910000624,
              0,
              null
            ],
            [
              95.892030021000039,
              5.3607765510000576,
              0,
              null
            ],
            [
              95.89206200400011,
              5.3609351740000371,
              0,
              null
            ],
            [
              95.892259261999996,
              5.3616050980000445,
              0,
              null
            ],
            [
              95.892511349000074,
              5.3625453380000359,
              0,
              null
            ],
            [
              95.892657225000065,
              5.363199856000012,
              0,
              null
            ],
            [
              95.892719957000011,
              5.3637295320000504,
              0,
              null
            ],
            [
              95.892714490000088,
              5.3639889560001102,
              0,
              null
            ],
            [
              95.892697928000061,
              5.364261850000041,
              0,
              null
            ],
            [
              95.892663664000068,
              5.3645661339999933,
              0,
              null
            ],
            [
              95.892622060000079,
              5.3647340500000311,
              0,
              null
            ],
            [
              95.892589273000041,
              5.3648773220000727,
              0,
              null
            ],
            [
              95.892570042000045,
              5.3650585400000566,
              0,
              null
            ],
            [
              95.892575210000118,
              5.365208345000017,
              0,
              null
            ],
            [
              95.892598259000067,
              5.365364769000081,
              0,
              null
            ],
            [
              95.892858496000017,
              5.3661394900000552,
              0,
              null
            ],
            [
              95.892986781000062,
              5.3663759190000775,
              0,
              null
            ],
            [
              95.893159675000064,
              5.3666076640000675,
              0,
              null
            ],
            [
              95.893341496000104,
              5.3668416070000617,
              0,
              null
            ],
            [
              95.893561407000092,
              5.3671089080000627,
              0,
              null
            ],
            [
              95.893774483000044,
              5.3673449340000516,
              0,
              null
            ],
            [
              95.893983309000092,
              5.3676279360001082,
              0,
              null
            ],
            [
              95.894284279000033,
              5.3680513850000615,
              0,
              null
            ],
            [
              95.894760414000089,
              5.3687155110000333,
              0,
              null
            ],
            [
              95.894832432000001,
              5.368847109000086,
              0,
              null
            ],
            [
              95.894859796000048,
              5.3689722060000449,
              0,
              null
            ],
            [
              95.894851505000076,
              5.3691064170000473,
              0,
              null
            ],
            [
              95.894665657000061,
              5.3699100850001074,
              0,
              null
            ],
            [
              95.894641733000043,
              5.3700421380000201,
              0,
              null
            ],
            [
              95.894635741000073,
              5.3701897550000659,
              0,
              null
            ],
            [
              95.894658644000103,
              5.3703148730000265,
              0,
              null
            ],
            [
              95.894728479000023,
              5.3704576570000278,
              0,
              null
            ],
            [
              95.8949645430001,
              5.3708366890000363,
              0,
              null
            ],
            [
              95.89565265600001,
              5.3719761110000768,
              0,
              null
            ],
            [
              95.89578083800005,
              5.372190176000025,
              0,
              null
            ],
            [
              95.89583132500006,
              5.3723245660000423,
              0,
              null
            ],
            [
              95.895603327000018,
              5.372323824999981,
              0,
              null
            ],
            [
              95.895488859000054,
              5.3722873210000692,
              0,
              null
            ],
            [
              95.895317621000089,
              5.3722781110001065,
              0,
              null
            ],
            [
              95.895145203000126,
              5.3722662900000167,
              0,
              null
            ],
            [
              95.894909068000047,
              5.3722620510000212,
              0,
              null
            ],
            [
              95.894023484000044,
              5.3723199070001009,
              0,
              null
            ],
            [
              95.893310118000088,
              5.3724202300000528,
              0,
              null
            ],
            [
              95.892420238000085,
              5.3726183100000995,
              0,
              null
            ],
            [
              95.89147298500005,
              5.372834163000018,
              0,
              null
            ],
            [
              95.890315172000086,
              5.3730692780000204,
              0,
              null
            ],
            [
              95.890238450000126,
              5.3727720440000297,
              0,
              null
            ],
            [
              95.890079472000124,
              5.3727769899999949,
              0,
              null
            ],
            [
              95.889919522000028,
              5.3727707280000097,
              0,
              null
            ],
            [
              95.889689080000053,
              5.3726543270000597,
              0,
              null
            ],
            [
              95.889434645000051,
              5.3724252430000234,
              0,
              null
            ],
            [
              95.889118574000108,
              5.372060155000014,
              0,
              null
            ],
            [
              95.888853978000057,
              5.3716666260000494,
              0,
              null
            ],
            [
              95.888724201000073,
              5.371401901000084,
              0,
              null
            ],
            [
              95.888674159000104,
              5.3712423890000309,
              0,
              null
            ],
            [
              95.888589826000057,
              5.3711905090000016,
              0,
              null
            ],
            [
              95.888310918000073,
              5.3710727430000276,
              0,
              null
            ],
            [
              95.888069399000074,
              5.370890902000081,
              0,
              null
            ],
            [
              95.887971325000038,
              5.3706975949999851,
              0,
              null
            ],
            [
              95.887952103000046,
              5.3702905480000567,
              0,
              null
            ],
            [
              95.88781233100012,
              5.3698425020000222,
              0,
              null
            ],
            [
              95.887558300000066,
              5.3689230980000673,
              0,
              null
            ],
            [
              95.88738070700002,
              5.368959253000039,
              0,
              null
            ],
            [
              95.88709557600005,
              5.3691069430000908,
              0,
              null
            ],
            [
              95.886886713000095,
              5.3692638140000142,
              0,
              null
            ],
            [
              95.886791692000045,
              5.3693183450000852,
              0,
              null
            ],
            [
              95.886702776000064,
              5.3693421930000156,
              0,
              null
            ],
            [
              95.886392984000096,
              5.3693544860000557,
              0,
              null
            ],
            [
              95.885838854000085,
              5.3695724230000579,
              0,
              null
            ],
            [
              95.885408558000094,
              5.3704431300000692,
              0,
              null
            ],
            [
              95.885287805000047,
              5.3710499320000942,
              0,
              null
            ],
            [
              95.884938672000033,
              5.3710155119999996,
              0,
              null
            ],
            [
              95.884233387000023,
              5.3710237510000596,
              0,
              null
            ],
            [
              95.883426354000036,
              5.3710677150000556,
              0,
              null
            ],
            [
              95.883372813000051,
              5.3703457370000045,
              0,
              null
            ],
            [
              95.883093650000049,
              5.3703608670000129,
              0,
              null
            ],
            [
              95.883058644000087,
              5.3701028620000706,
              0,
              null
            ],
            [
              95.882984549000085,
              5.3695757680000682,
              0,
              null
            ],
            [
              95.883961576000004,
              5.3688344380000146,
              0,
              null
            ],
            [
              95.884703805000044,
              5.3679571380000795,
              0,
              null
            ],
            [
              95.884778909000048,
              5.3668968070000105,
              0,
              null
            ],
            [
              95.884200113000119,
              5.364721227000036,
              0,
              null
            ],
            [
              95.883594211000073,
              5.3626442380000476,
              0,
              null
            ],
            [
              95.883511692000084,
              5.3624467690000515,
              0,
              null
            ],
            [
              95.883436284000069,
              5.362303511000011,
              0,
              null
            ],
            [
              95.883332851000034,
              5.3621656200000594,
              0,
              null
            ],
            [
              95.883225811000059,
              5.3620718160000251,
              0,
              null
            ],
            [
              95.883166582000044,
              5.3619999950000334,
              0,
              null
            ],
            [
              95.883035118000095,
              5.361809278000063,
              0,
              null
            ],
            [
              95.88292962800007,
              5.3617028770000523,
              0,
              null
            ],
            [
              95.882811849000092,
              5.3615958850000816,
              0,
              null
            ],
            [
              95.882699447000022,
              5.3614548880000505,
              0,
              null
            ],
            [
              95.8826209570001,
              5.3612319459999895,
              0,
              null
            ],
            [
              95.882722340000058,
              5.3610736140000341,
              0,
              null
            ],
            [
              95.882761837000032,
              5.3609840400000834,
              0,
              null
            ],
            [
              95.882784954000087,
              5.3609063080000467,
              0,
              null
            ],
            [
              95.882774988000065,
              5.3607840360000552,
              0,
              null
            ],
            [
              95.882734641000098,
              5.36069248800003,
              0,
              null
            ],
            [
              95.882731208000081,
              5.36063344900003,
              0,
              null
            ],
            [
              95.88275754700004,
              5.3605700630000257,
              0,
              null
            ],
            [
              95.882820615000099,
              5.3604991990000244,
              0,
              null
            ],
            [
              95.882847956000063,
              5.360409508000064,
              0,
              null
            ],
            [
              95.882873782000061,
              5.3603759240000386,
              0,
              null
            ],
            [
              95.883092345000122,
              5.360285662000031,
              0,
              null
            ],
            [
              95.883273893000037,
              5.3602178800000182,
              0,
              null
            ],
            [
              95.883447899000046,
              5.3601241089999867,
              0,
              null
            ],
            [
              95.883599337000049,
              5.3599672380000634,
              0,
              null
            ],
            [
              95.883698316000078,
              5.3597934580000732,
              0,
              null
            ],
            [
              95.883237255000026,
              5.3582549730000544,
              0,
              null
            ],
            [
              95.883000036000027,
              5.3582532279999988,
              0,
              null
            ],
            [
              95.882768249000037,
              5.3581913350000292,
              0,
              null
            ],
            [
              95.882604919000116,
              5.3581004910000622,
              0,
              null
            ],
            [
              95.882530542000083,
              5.3580043300000106,
              0,
              null
            ],
            [
              95.882480877000063,
              5.3573263320000457,
              0,
              null
            ],
            [
              95.882477017000014,
              5.3564318060000176,
              0,
              null
            ],
            [
              95.882254293000059,
              5.3555571700000364,
              0,
              null
            ],
            [
              95.879214925000014,
              5.3529356540000244,
              0,
              null
            ],
            [
              95.878135399000044,
              5.3506421130000597,
              0,
              null
            ],
            [
              95.877081834000094,
              5.3476922010000543,
              0,
              null
            ],
            [
              95.87644808800006,
              5.3443922780000435,
              0,
              null
            ],
            [
              95.876146336000048,
              5.3434766160000429,
              0,
              null
            ],
            [
              95.876539686000086,
              5.3429533720000926,
              0,
              null
            ],
            [
              95.877458881000024,
              5.3420601140000805,
              0,
              null
            ],
            [
              95.877824041000039,
              5.3411325639999845,
              0,
              null
            ],
            [
              95.878224166000024,
              5.339760483000056,
              0,
              null
            ],
            [
              95.878994027000033,
              5.3384976630000196,
              0,
              null
            ],
            [
              95.879025568000074,
              5.3372755220000627,
              0,
              null
            ],
            [
              95.878939996000014,
              5.3346097910000339,
              0,
              null
            ],
            [
              95.878611472000003,
              5.3338207420000288,
              0,
              null
            ],
            [
              95.877720488000094,
              5.3328510720000004,
              0,
              null
            ],
            [
              95.877965046000071,
              5.3312078330001071,
              0,
              null
            ],
            [
              95.878656815000028,
              5.3297125030000174,
              0,
              null
            ],
            [
              95.879477310000055,
              5.3290520220000808,
              0,
              null
            ],
            [
              95.880615572000096,
              5.3283913840000423,
              0,
              null
            ],
            [
              95.881758561000069,
              5.328015442000023,
              0,
              null
            ],
            [
              95.883159684000091,
              5.3275641620000762,
              0,
              null
            ],
            [
              95.883784940000041,
              5.3270056220000477,
              0,
              null
            ],
            [
              95.883780563000045,
              5.326005833000103,
              0,
              null
            ],
            [
              95.884238841000027,
              5.3243280460001046,
              0,
              null
            ],
            [
              95.883308957000096,
              5.3234656730000722,
              0,
              null
            ],
            [
              95.882894909000029,
              5.3230816840000088,
              0,
              null
            ],
            [
              95.881961209000053,
              5.3224742950000241,
              0,
              null
            ],
            [
              95.880556243000072,
              5.3206164520000492,
              0,
              null
            ],
            [
              95.87929633600001,
              5.3186705250000692,
              0,
              null
            ],
            [
              95.878532031000091,
              5.3169553350000847,
              0,
              null
            ],
            [
              95.878112953000056,
              5.3155052390000961,
              0,
              null
            ],
            [
              95.877133413000095,
              5.3138184420000627,
              0,
              null
            ],
            [
              95.876500152000105,
              5.3119678330000646,
              0,
              null
            ],
            [
              95.87630407500005,
              5.3110091930000607,
              0,
              null
            ],
            [
              95.876239755000057,
              5.3106947260000652,
              0,
              null
            ],
            [
              95.876121304000023,
              5.309782382999984,
              0,
              null
            ],
            [
              95.876233913000107,
              5.3088739260000466,
              0,
              null
            ],
            [
              95.876711318000076,
              5.30801186400004,
              0,
              null
            ],
            [
              95.877124544000083,
              5.3072756160000516,
              0,
              null
            ],
            [
              95.877488125000056,
              5.3076724160000204,
              0,
              null
            ],
            [
              95.878356116000106,
              5.3084813790000744,
              0,
              null
            ],
            [
              95.879141179000044,
              5.3092569870000332,
              0,
              null
            ],
            [
              95.879911506000013,
              5.3100180310000304,
              0,
              null
            ],
            [
              95.880711312000102,
              5.310808195000039,
              0,
              null
            ],
            [
              95.881496381000048,
              5.3115837969999973,
              0,
              null
            ],
            [
              95.882299344000046,
              5.3123383020000752,
              0,
              null
            ],
            [
              95.883102308000048,
              5.313092804000064,
              0,
              null
            ],
            [
              95.88390527500006,
              5.3138473050000528,
              0,
              null
            ],
            [
              95.884708243000063,
              5.3146018020000412,
              0,
              null
            ],
            [
              95.885416929000073,
              5.3153660410000363,
              0,
              null
            ],
            [
              95.886125618000094,
              5.3161302760000311,
              0,
              null
            ],
            [
              95.886834308000019,
              5.3168945110000259,
              0,
              null
            ],
            [
              95.888127270000069,
              5.3180397780001059,
              0,
              null
            ],
            [
              95.888792436000031,
              5.3184116550000553,
              0,
              null
            ],
            [
              95.89049711100003,
              5.3181310140001052,
              0,
              null
            ],
            [
              95.892237449000064,
              5.3174549740000359,
              0,
              null
            ],
            [
              95.893706312000091,
              5.316948995000093,
              0,
              null
            ],
            [
              95.894613721000027,
              5.3166853860000423,
              0,
              null
            ],
            [
              95.895991072000044,
              5.31624870500006,
              0,
              null
            ],
            [
              95.896808516000078,
              5.3160614130000177,
              0,
              null
            ],
            [
              95.89719123600004,
              5.3159666689999945,
              0,
              null
            ],
            [
              95.897334641,
              5.3159833970000463,
              0,
              null
            ],
            [
              95.89816918300005,
              5.3163119410000519,
              0,
              null
            ],
            [
              95.899096091000089,
              5.3159288520000629,
              0,
              null
            ],
            [
              95.899338222000054,
              5.3165456850000297,
              0,
              null
            ],
            [
              95.902065011000062,
              5.3157263970000095,
              0,
              null
            ],
            [
              95.902259806000103,
              5.3156345930000519,
              0,
              null
            ],
            [
              95.902421571000076,
              5.3156628929999954,
              0,
              null
            ],
            [
              95.902533930000047,
              5.3157620110000252,
              0,
              null
            ],
            [
              95.902753372000092,
              5.3160754630000255,
              0,
              null
            ],
            [
              95.903672976000067,
              5.3158302360000746,
              0,
              null
            ],
            [
              95.904195121000015,
              5.3156909970000115,
              0,
              null
            ],
            [
              95.905062959000048,
              5.3152238700000858,
              0,
              null
            ],
            [
              95.905643561000034,
              5.315458956999997,
              0,
              null
            ],
            [
              95.906423541000009,
              5.3156426210000944,
              0,
              null
            ],
            [
              95.907694254000077,
              5.3155618910000761,
              0,
              null
            ],
            [
              95.908964964000049,
              5.3154811590000577,
              0,
              null
            ],
            [
              95.910137825000021,
              5.3153746420000374,
              0,
              null
            ],
            [
              95.911310684000071,
              5.315268124000017,
              0,
              null
            ],
            [
              95.912052460000069,
              5.3152007550000384,
              0,
              null
            ],
            [
              95.912483541000128,
              5.3151616029999964,
              0,
              null
            ],
            [
              95.913193560000067,
              5.3151760210000347,
              0,
              null
            ],
            [
              95.913886325000107,
              5.3154337580000437,
              0,
              null
            ],
            [
              95.914534574000101,
              5.3163976550000385,
              0,
              null
            ],
            [
              95.915182825000088,
              5.3173615510000332,
              0,
              null
            ],
            [
              95.915798159000104,
              5.3181999920000393,
              0,
              null
            ],
            [
              95.91672976800001,
              5.3190998800000671,
              0,
              null
            ],
            [
              95.917262320000106,
              5.3195634710000554,
              0,
              null
            ],
            [
              95.917348016000091,
              5.3196729300000527,
              0,
              null
            ],
            [
              95.917456361000077,
              5.319795102000036,
              0,
              null
            ],
            [
              95.917582047000096,
              5.3199188460000606,
              0,
              null
            ],
            [
              95.917670144000098,
              5.3199948510000432,
              0,
              null
            ],
            [
              95.917695125000122,
              5.32001640200005,
              0,
              null
            ],
            [
              95.9178268860001,
              5.3201210260000025,
              0,
              null
            ],
            [
              95.917964401000106,
              5.3202224960000493,
              0,
              null
            ],
            [
              95.918094732000057,
              5.3203105840000546,
              0,
              null
            ],
            [
              95.918221860000088,
              5.320386453000026,
              0,
              null
            ],
            [
              95.918356196000019,
              5.3204577980000671,
              0,
              null
            ],
            [
              95.918494429000091,
              5.3205241910000538,
              0,
              null
            ],
            [
              95.918633277000112,
              5.3205851960000388,
              0,
              null
            ],
            [
              95.91875243500003,
              5.3206340530000844,
              0,
              null
            ],
            [
              95.918883198000103,
              5.3206856190000877,
              0,
              null
            ],
            [
              95.919016781000053,
              5.3207370000000758,
              0,
              null
            ],
            [
              95.919144437000043,
              5.3207853100000762,
              0,
              null
            ],
            [
              95.91925739000007,
              5.3208276630000277,
              0,
              null
            ],
            [
              95.919422645000054,
              5.3208898260000197,
              0,
              null
            ],
            [
              95.919568976000093,
              5.3209473619999841,
              0,
              null
            ],
            [
              95.919685614000059,
              5.3209989050000743,
              0,
              null
            ],
            [
              95.919821652000039,
              5.3210774960000045,
              0,
              null
            ],
            [
              95.919924816000048,
              5.3211560890000236,
              0,
              null
            ],
            [
              95.92000106600004,
              5.3212330490000852,
              0,
              null
            ],
            [
              95.920060585000087,
              5.3213057770000631,
              0,
              null
            ],
            [
              95.920146943000034,
              5.3214616450000811,
              0,
              null
            ],
            [
              95.920182722000064,
              5.3215904030000765,
              0,
              null
            ],
            [
              95.920209844000084,
              5.3217354930000909,
              0,
              null
            ],
            [
              95.920220461999989,
              5.3218746610000593,
              0,
              null
            ],
            [
              95.920217602000022,
              5.3220154390000722,
              0,
              null
            ],
            [
              95.92020266400003,
              5.3221677570000629,
              0,
              null
            ],
            [
              95.92018664500003,
              5.3223184000000039,
              0,
              null
            ],
            [
              95.920179822000094,
              5.322454019000034,
              0,
              null
            ],
            [
              95.920182192000112,
              5.3225874440000602,
              0,
              null
            ],
            [
              95.92019400300002,
              5.3227312240000551,
              0,
              null
            ],
            [
              95.920208581000068,
              5.322874981000048,
              0,
              null
            ],
            [
              95.920219679000098,
              5.3230072180000647,
              0,
              null
            ],
            [
              95.920221980000022,
              5.3230705690000661,
              0,
              null
            ],
            [
              95.920224310000037,
              5.3231347150000445,
              0,
              null
            ],
            [
              95.920215489000029,
              5.323272954000025,
              0,
              null
            ],
            [
              95.920179782999995,
              5.323463245000049,
              0,
              null
            ],
            [
              95.920153382000123,
              5.3235645890000853,
              0,
              null
            ],
            [
              95.920120496000067,
              5.3236822440000502,
              0,
              null
            ],
            [
              95.92008563500012,
              5.3238034770000446,
              0,
              null
            ],
            [
              95.920053354000018,
              5.3239155729999936,
              0,
              null
            ],
            [
              95.920028181000063,
              5.3240057969999981,
              0,
              null
            ],
            [
              95.919999309000076,
              5.3242098340000048,
              0,
              null
            ],
            [
              95.920068131999997,
              5.324353488000078,
              0,
              null
            ],
            [
              95.920127286000096,
              5.3244309160000007,
              0,
              null
            ],
            [
              95.920211638000055,
              5.3245266110001026,
              0,
              null
            ],
            [
              95.920314214000115,
              5.3246255450000284,
              0,
              null
            ],
            [
              95.920407253000079,
              5.3247014480000026,
              0,
              null
            ],
            [
              95.920512772000023,
              5.3247802830000417,
              0,
              null
            ],
            [
              95.920616372000069,
              5.3248537150000779,
              0,
              null
            ],
            [
              95.920703710000097,
              5.3249134010000425,
              0,
              null
            ],
            [
              95.920830868000053,
              5.3249972830000551,
              0,
              null
            ],
            [
              95.920924380000059,
              5.3250607430000656,
              0,
              null
            ],
            [
              95.921011700000093,
              5.3251301680000367,
              0,
              null
            ],
            [
              95.921090780000057,
              5.3252067070000635,
              0,
              null
            ],
            [
              95.921151984000062,
              5.3252889050000256,
              0,
              null
            ],
            [
              95.921201414000066,
              5.3253760740000438,
              0,
              null
            ],
            [
              95.921243364000077,
              5.3254696030000552,
              0,
              null
            ],
            [
              95.921282726000044,
              5.3255685200000684,
              0,
              null
            ],
            [
              95.921323423000032,
              5.3256732940000333,
              0,
              null
            ],
            [
              95.921369969000068,
              5.3257817270000345,
              0,
              null
            ],
            [
              95.921427072000085,
              5.3258941570000111,
              0,
              null
            ],
            [
              95.921488060000073,
              5.3260163990000002,
              0,
              null
            ],
            [
              95.921546618000022,
              5.3261660460000364,
              0,
              null
            ],
            [
              95.921601662000057,
              5.3263826760000192,
              0,
              null
            ],
            [
              95.921621512000101,
              5.3264993130000775,
              0,
              null
            ],
            [
              95.921641253000047,
              5.3266366130000691,
              0,
              null
            ],
            [
              95.921659633000047,
              5.326781734000086,
              0,
              null
            ],
            [
              95.921675411000109,
              5.3269218540000445,
              0,
              null
            ],
            [
              95.921687347000031,
              5.3270441290000363,
              0,
              null
            ],
            [
              95.92169878,
              5.3272145550001042,
              0,
              null
            ],
            [
              95.921700640000068,
              5.3273659250000165,
              0,
              null
            ],
            [
              95.921692170000085,
              5.3275038110000565,
              0,
              null
            ],
            [
              95.921668226000051,
              5.327655594000003,
              0,
              null
            ],
            [
              95.921615301000031,
              5.3278473130000563,
              0,
              null
            ],
            [
              95.921520100000052,
              5.3280825090000654,
              0,
              null
            ],
            [
              95.921468606000062,
              5.3281878300000756,
              0,
              null
            ],
            [
              95.921406819000097,
              5.3283068060000609,
              0,
              null
            ],
            [
              95.921337926000078,
              5.3284344170000502,
              0,
              null
            ],
            [
              95.921265110000007,
              5.3285656150000698,
              0,
              null
            ],
            [
              95.921191548000053,
              5.3286953440000566,
              0,
              null
            ],
            [
              95.921120443000021,
              5.3288185750000387,
              0,
              null
            ],
            [
              95.921054954000027,
              5.3289302590000425,
              0,
              null
            ],
            [
              95.920998282000042,
              5.3290253400000047,
              0,
              null
            ],
            [
              95.920834876000114,
              5.3292880290000681,
              0,
              null
            ],
            [
              95.920740975000072,
              5.3294359430000497,
              0,
              null
            ],
            [
              95.920683924000059,
              5.3295441990000363,
              0,
              null
            ],
            [
              95.920646475000069,
              5.3296328560000887,
              0,
              null
            ],
            [
              95.920612202000072,
              5.3297524780000387,
              0,
              null
            ],
            [
              95.92060930800001,
              5.3298324240000809,
              0,
              null
            ],
            [
              95.920629102000049,
              5.3299351470000538,
              0,
              null
            ],
            [
              95.920684193000085,
              5.3300358050000334,
              0,
              null
            ],
            [
              95.920757909000045,
              5.3301311440001058,
              0,
              null
            ],
            [
              95.92085231300004,
              5.3302419690000384,
              0,
              null
            ],
            [
              95.920954827000088,
              5.3303465040000724,
              0,
              null
            ],
            [
              95.921057904000094,
              5.3304424250000153,
              0,
              null
            ],
            [
              95.921155559000084,
              5.3305298800000571,
              0,
              null
            ],
            [
              95.921241718000019,
              5.330616468000116,
              0,
              null
            ],
            [
              95.921309237000102,
              5.330710869000022,
              0,
              null
            ],
            [
              95.921369779000045,
              5.3308203640000222,
              0,
              null
            ],
            [
              95.921433925000031,
              5.3309562870000775,
              0,
              null
            ],
            [
              95.921503085000069,
              5.3311175300000073,
              0,
              null
            ],
            [
              95.921552627000082,
              5.3312434490000342,
              0,
              null
            ],
            [
              95.921611960000106,
              5.3314060930000799,
              0,
              null
            ],
            [
              95.921680534000089,
              5.331609061000087,
              0,
              null
            ],
            [
              95.921714667000074,
              5.3317152849999943,
              0,
              null
            ],
            [
              95.921753820000035,
              5.3318383800000539,
              0,
              null
            ],
            [
              95.921796942000043,
              5.3319734270000367,
              0,
              null
            ],
            [
              95.921843008000039,
              5.3321154810000664,
              0,
              null
            ],
            [
              95.921890950000005,
              5.3322596300000917,
              0,
              null
            ],
            [
              95.92193975400005,
              5.3324009390000597,
              0,
              null
            ],
            [
              95.921988349000074,
              5.3325344870000073,
              0,
              null
            ],
            [
              95.922048205000053,
              5.3326875430000591,
              0,
              null
            ],
            [
              95.922114701000041,
              5.3328476320000711,
              0,
              null
            ],
            [
              95.922186817000068,
              5.3330141640000832,
              0,
              null
            ],
            [
              95.922263503000096,
              5.333186564000048,
              0,
              null
            ],
            [
              95.922343721000075,
              5.3333642510000061,
              0,
              null
            ],
            [
              95.922426449000085,
              5.3335466429999983,
              0,
              null
            ],
            [
              95.922479219000095,
              5.333663213000051,
              0,
              null
            ],
            [
              95.922536480000034,
              5.333789700000036,
              0,
              null
            ],
            [
              95.922597164000081,
              5.3339234890000036,
              0,
              null
            ],
            [
              95.922660205000057,
              5.3340619290000006,
              0,
              null
            ],
            [
              95.922724536000061,
              5.3342023950000765,
              0,
              null
            ],
            [
              95.922789116000075,
              5.3343422460001015,
              0,
              null
            ],
            [
              95.922852861000109,
              5.3344788670000369,
              0,
              null
            ],
            [
              95.922914730000073,
              5.3346095960001065,
              0,
              null
            ],
            [
              95.922973638000059,
              5.3347318290000061,
              0,
              null
            ],
            [
              95.923028537000079,
              5.3348429140000491,
              0,
              null
            ],
            [
              95.923133254000035,
              5.3350450500000761,
              0,
              null
            ],
            [
              95.923234334000043,
              5.3352309040000883,
              0,
              null
            ],
            [
              95.923327416000021,
              5.3353974260000108,
              0,
              null
            ],
            [
              95.923408144000035,
              5.3355415910000374,
              0,
              null
            ],
            [
              95.923472156000102,
              5.335660366000095,
              0,
              null
            ],
            [
              95.923549194000074,
              5.3358250120000399,
              0,
              null
            ],
            [
              95.923603389000036,
              5.3359682460000784,
              0,
              null
            ],
            [
              95.923640315000071,
              5.336089264000055,
              0,
              null
            ],
            [
              95.923683057000048,
              5.3362692970000296,
              0,
              null
            ],
            [
              95.923718290000039,
              5.3364819280000368,
              0,
              null
            ],
            [
              95.923733905000077,
              5.3366137090001047,
              0,
              null
            ],
            [
              95.923750702000049,
              5.3367723810000882,
              0,
              null
            ],
            [
              95.923768911000053,
              5.3369474440000069,
              0,
              null
            ],
            [
              95.923788788000095,
              5.337128390000057,
              0,
              null
            ],
            [
              95.923796494000015,
              5.3371928630000625,
              0,
              null
            ],
            [
              95.923804200000035,
              5.3372573350000678,
              0,
              null
            ],
            [
              95.923822654000048,
              5.3374023830000787,
              0,
              null
            ],
            [
              95.923844042000042,
              5.3375616480001113,
              0,
              null
            ],
            [
              95.9238682740001,
              5.3377332310000973,
              0,
              null
            ],
            [
              95.923895232000106,
              5.337915255000059,
              0,
              null
            ],
            [
              95.92392480900007,
              5.3381058310001066,
              0,
              null
            ],
            [
              95.923944619000025,
              5.3382288640000723,
              0,
              null
            ],
            [
              95.923966672000063,
              5.3383627550000483,
              0,
              null
            ],
            [
              95.923990464000084,
              5.3385043180000373,
              0,
              null
            ],
            [
              95.924015485000027,
              5.3386503740000428,
              0,
              null
            ],
            [
              95.92404121600002,
              5.3387977280000669,
              0,
              null
            ],
            [
              95.924067163000032,
              5.3389432010000242,
              0,
              null
            ],
            [
              95.924092797000114,
              5.3390835890000048,
              0,
              null
            ],
            [
              95.924117617000036,
              5.339215723000013,
              0,
              null
            ],
            [
              95.924141112000115,
              5.3393363990000502,
              0,
              null
            ],
            [
              95.924162771000042,
              5.3394424460000316,
              0,
              null
            ],
            [
              95.924231450000036,
              5.3397295550000727,
              0,
              null
            ],
            [
              95.924307213000091,
              5.3399652480000341,
              0,
              null
            ],
            [
              95.924400373000068,
              5.3401876490000504,
              0,
              null
            ],
            [
              95.924450960000087,
              5.340294182000072,
              0,
              null
            ],
            [
              95.924511181000085,
              5.3404152600000536,
              0,
              null
            ],
            [
              95.924579167000033,
              5.3405468720000187,
              0,
              null
            ],
            [
              95.924653025000012,
              5.3406850160000801,
              0,
              null
            ],
            [
              95.924660148000072,
              5.3406978890000794,
              0,
              null
            ],
            [
              95.924730862000061,
              5.3408256880000842,
              0,
              null
            ],
            [
              95.924810792000102,
              5.3409648780000545,
              0,
              null
            ],
            [
              95.924890930000075,
              5.341098582000015,
              0,
              null
            ],
            [
              95.924974817000077,
              5.3412320520000449,
              0,
              null
            ],
            [
              95.925064992999992,
              5.3413706510000551,
              0,
              null
            ],
            [
              95.925158087000057,
              5.3415104550000763,
              0,
              null
            ],
            [
              95.92525068100008,
              5.3416475790000533,
              0,
              null
            ],
            [
              95.925339386000047,
              5.3417780980000167,
              0,
              null
            ],
            [
              95.925387213000093,
              5.3418485830000755,
              0,
              null
            ],
            [
              95.925420829000032,
              5.3418981260000891,
              0,
              null
            ],
            [
              95.925491595000025,
              5.3420037590000362,
              0,
              null
            ],
            [
              95.9255964970001,
              5.3421662110000661,
              0,
              null
            ],
            [
              95.925685520000087,
              5.3423106880000297,
              0,
              null
            ],
            [
              95.925757681000022,
              5.3424327840000068,
              0,
              null
            ],
            [
              95.925812037000071,
              5.3425280860000761,
              0,
              null
            ],
            [
              95.925887833000047,
              5.3426696620000662,
              0,
              null
            ],
            [
              95.925936683000003,
              5.34278432600005,
              0,
              null
            ],
            [
              95.925969662000057,
              5.3429050820000938,
              0,
              null
            ],
            [
              95.925993888000022,
              5.3430198990000903,
              0,
              null
            ],
            [
              95.926022054000043,
              5.3432054220000751,
              0,
              null
            ],
            [
              95.926026174000029,
              5.3433213550000751,
              0,
              null
            ],
            [
              95.926026018000101,
              5.3434383850000771,
              0,
              null
            ],
            [
              95.92601184500009,
              5.3436162310000483,
              0,
              null
            ],
            [
              95.925889763000029,
              5.3438563370000196,
              0,
              null
            ],
            [
              95.925822905000089,
              5.3439435620000424,
              0,
              null
            ],
            [
              95.925738571000039,
              5.344048199999996,
              0,
              null
            ],
            [
              95.925647025000018,
              5.3441585360000659,
              0,
              null
            ],
            [
              95.925558515000063,
              5.3442628510000816,
              0,
              null
            ],
            [
              95.925483316000054,
              5.3443494200000501,
              0,
              null
            ],
            [
              95.925351482000067,
              5.3444929080000207,
              0,
              null
            ],
            [
              95.925273607000022,
              5.3445740790000755,
              0,
              null
            ],
            [
              95.925182227000008,
              5.3447156300000636,
              0,
              null
            ],
            [
              95.925134562000068,
              5.3448451190000306,
              0,
              null
            ],
            [
              95.925096866000061,
              5.3450066709999859,
              0,
              null
            ],
            [
              95.92508909700004,
              5.3451244500000499,
              0,
              null
            ],
            [
              95.925094506000036,
              5.3452594050000251,
              0,
              null
            ],
            [
              95.925112333000087,
              5.3454030110000055,
              0,
              null
            ],
            [
              95.925134673000073,
              5.3455232490000952,
              0,
              null
            ],
            [
              95.925162046000125,
              5.3456574120000049,
              0,
              null
            ],
            [
              95.92519112100004,
              5.3458087200000008,
              0,
              null
            ],
            [
              95.925207939000103,
              5.3459139730000942,
              0,
              null
            ],
            [
              95.925219235000057,
              5.3460622900000203,
              0,
              null
            ],
            [
              95.925219652000095,
              5.3462070900000995,
              0,
              null
            ],
            [
              95.925215083000069,
              5.3463421010000793,
              0,
              null
            ],
            [
              95.925209276000032,
              5.3464820070000201,
              0,
              null
            ],
            [
              95.925200967000052,
              5.3466399040000283,
              0,
              null
            ],
            [
              95.925188483000085,
              5.346807153000011,
              0,
              null
            ],
            [
              95.925174175000052,
              5.3469488700001016,
              0,
              null
            ],
            [
              95.925154417000016,
              5.3471159469999812,
              0,
              null
            ],
            [
              95.925129879000039,
              5.3473016760000718,
              0,
              null
            ],
            [
              95.925101243000057,
              5.3474993329999947,
              0,
              null
            ],
            [
              95.925082214000085,
              5.3476226140000698,
              0,
              null
            ],
            [
              95.925060660000085,
              5.3477589360000692,
              0,
              null
            ],
            [
              95.925037665000048,
              5.3479031790001024,
              0,
              null
            ],
            [
              95.925014305000062,
              5.3480502330000128,
              0,
              null
            ],
            [
              95.924991664000061,
              5.3481949990000004,
              0,
              null
            ],
            [
              95.924970818000105,
              5.348332374000087,
              0,
              null
            ],
            [
              95.924952843000128,
              5.348457231000026,
              0,
              null
            ],
            [
              95.924926976000037,
              5.3486591480000349,
              0,
              null
            ],
            [
              95.924905620000047,
              5.3488505460000617,
              0,
              null
            ],
            [
              95.924684040000002,
              5.3492462280000268,
              0,
              null
            ],
            [
              95.92451839800006,
              5.3494819260000774,
              0,
              null
            ],
            [
              95.923717485000054,
              5.349765830000031,
              0,
              null
            ],
            [
              95.923805668000071,
              5.3509451920000011,
              0,
              null
            ],
            [
              95.923753050000073,
              5.3511837470000216,
              0,
              null
            ],
            [
              95.923700225000047,
              5.3512649060000754,
              0,
              null
            ],
            [
              95.923630609000057,
              5.3513353400000412,
              0,
              null
            ],
            [
              95.923518725000037,
              5.3513961100000955,
              0,
              null
            ],
            [
              95.923377886000111,
              5.3514469620000398,
              0,
              null
            ],
            [
              95.923281717000066,
              5.3514913300000693,
              0,
              null
            ],
            [
              95.923187282000058,
              5.3515934689999938,
              0,
              null
            ],
            [
              95.923154541000017,
              5.3517182070000118,
              0,
              null
            ],
            [
              95.923136136000011,
              5.3519273079999934,
              0,
              null
            ],
            [
              95.923037338000086,
              5.3536528810000377,
              0,
              null
            ],
            [
              95.923038334000083,
              5.3538624770000602,
              0,
              null
            ],
            [
              95.923071072000127,
              5.354072689000045,
              0,
              null
            ],
            [
              95.923115066000037,
              5.3542555970000798,
              0,
              null
            ],
            [
              95.923541008000115,
              5.3550197020000638,
              0,
              null
            ],
            [
              95.924134985000052,
              5.3559797560000959,
              0,
              null
            ],
            [
              95.924728965000085,
              5.356939808000039,
              0,
              null
            ],
            [
              95.924830093000097,
              5.3571189470000284,
              0,
              null
            ],
            [
              95.924835991000052,
              5.3571556270000436,
              0,
              null
            ],
            [
              95.924837711000109,
              5.3571908540000273,
              0,
              null
            ],
            [
              95.924825187000053,
              5.3572273810000297,
              0,
              null
            ],
            [
              95.924660825000032,
              5.3573047800000388,
              0,
              null
            ],
            [
              95.924353663000019,
              5.3574555460000788,
              0,
              null
            ],
            [
              95.924934628000045,
              5.3586622430000013,
              0,
              null
            ],
            [
              95.924431034000037,
              5.3589585620000939,
              0,
              null
            ],
            [
              95.924007005000121,
              5.3592053460000848,
              0,
              null
            ],
            [
              95.923661805000066,
              5.3594347940000624,
              0,
              null
            ],
            [
              95.924101473000036,
              5.3601243520000956,
              0,
              null
            ],
            [
              95.924356461000073,
              5.36049950900005,
              0,
              null
            ],
            [
              95.924916157000027,
              5.3613968580000453,
              0,
              null
            ],
            [
              95.925219421000065,
              5.361954820000026,
              0,
              null
            ],
            [
              95.925524668000008,
              5.3627562840000813,
              0,
              null
            ],
            [
              95.925774591000092,
              5.3631109340001153,
              0,
              null
            ],
            [
              95.926106965000059,
              5.3634848540000561,
              0,
              null
            ],
            [
              95.926209548000017,
              5.3637063260000843,
              0,
              null
            ],
            [
              95.926285367000077,
              5.3639674190001045,
              0,
              null
            ],
            [
              95.926346593000076,
              5.3642958130000977,
              0,
              null
            ],
            [
              95.926287522000067,
              5.3644193540001055,
              0,
              null
            ],
            [
              95.926183870000017,
              5.3645767260000703,
              0,
              null
            ],
            [
              95.926061293000004,
              5.3646744230000714,
              0,
              null
            ],
            [
              95.925864209000039,
              5.3647874220000951,
              0,
              null
            ],
            [
              95.925503650000053,
              5.3648883510000083,
              0,
              null
            ],
            [
              95.925197399000112,
              5.364917609000031,
              0,
              null
            ],
            [
              95.925015222000056,
              5.3649096969999981,
              0,
              null
            ],
            [
              95.924668804000078,
              5.3648733460000102,
              0,
              null
            ],
            [
              95.924569183000088,
              5.3648690710000118,
              0,
              null
            ],
            [
              95.924332238000034,
              5.364912967000091,
              0,
              null
            ],
            [
              95.924143105000013,
              5.3649392630000463,
              0,
              null
            ],
            [
              95.923954680000051,
              5.3649569250000866,
              0,
              null
            ],
            [
              95.923763229000116,
              5.364988433000029,
              0,
              null
            ],
            [
              95.923588275000029,
              5.3649652919999795,
              0,
              null
            ],
            [
              95.923439012000102,
              5.3649136400000579,
              0,
              null
            ],
            [
              95.923317095000058,
              5.3647573930000085,
              0,
              null
            ],
            [
              95.923209789000055,
              5.3645953720000144,
              0,
              null
            ],
            [
              95.923076719000065,
              5.3644207660000447,
              0,
              null
            ],
            [
              95.922729179000086,
              5.3646820490000806,
              0,
              null
            ],
            [
              95.922454211000073,
              5.364846543000013,
              0,
              null
            ],
            [
              95.922392501000033,
              5.3650476570000443,
              0,
              null
            ],
            [
              95.922544636000097,
              5.3654109260000808,
              0,
              null
            ],
            [
              95.922834235000067,
              5.3656856640000754,
              0,
              null
            ],
            [
              95.922772226000092,
              5.3658240320000665,
              0,
              null
            ],
            [
              95.922611330000009,
              5.3659305460000866,
              0,
              null
            ],
            [
              95.922203322000101,
              5.3658327889999917,
              0,
              null
            ],
            [
              95.921909824000053,
              5.3655416890000645,
              0,
              null
            ],
            [
              95.921436796000094,
              5.365296441000023,
              0,
              null
            ],
            [
              95.92064107700007,
              5.3651550100000449,
              0,
              null
            ],
            [
              95.920070611000114,
              5.3652543660000056,
              0,
              null
            ],
            [
              95.919540999000077,
              5.3655469810000582,
              0,
              null
            ],
            [
              95.918903291000078,
              5.3657670290000574,
              0,
              null
            ],
            [
              95.918165476000041,
              5.3660551550000051,
              0,
              null
            ]
          ]
        ]
      },
      "properties" : {
        "FID" : 0,
        "KDPPUM" : " ",
        "NAMOBJ" : "DELIMA",
        "REMARK" : "Wilayah Administrasi Kecamatan",
        "KDPBPS" : " ",
        "FCODE" : " ",
        "LUASWH" : 0,
        "UUPP" : " ",
        "SRS_ID" : " ",
        "LCODE" : "BA0080",
        "METADATA" : " ",
        "KDEBPS" : " ",
        "KDEPUM" : " ",
        "KDCBPS" : " ",
        "KDCPUM" : " ",
        "KDBBPS" : " ",
        "KDBPUM" : " ",
        "WADMKD" : " ",
        "WIADKD" : " ",
        "WADMKC" : " ",
        "WIADKC" : " ",
        "WADMKK" : "PIDIE",
        "WIADKK" : " ",
        "WADMPR" : "ACEH",
        "WIADPR" : " ",
        "TIPADM" : 0,
        "Shape_Leng" : 0.25396010179400003,
        "Shape_Area" : 0.0020609992820899998
      }
    }
  ]
}