{
  "hasZ" : true,
  "hasM" : true,
  "type" : "FeatureCollection",
  "features" : [
    {
      "type" : "Feature",
      "id" : 0,
      "geometry" : {
        "type" : "Polygon",
        "coordinates" : [
          [
            [
              95.969220054000061,
              5.3506807970000629,
              0,
              null
            ],
            [
              95.96894516100005,
              5.3506866470000141,
              0,
              null
            ],
            [
              95.968656855000091,
              5.350715148000063,
              0,
              null
            ],
            [
              95.968472163000087,
              5.3507341120000333,
              0,
              null
            ],
            [
              95.968170250000057,
              5.3507446100000138,
              0,
              null
            ],
            [
              95.967866996000012,
              5.3508040000000427,
              0,
              null
            ],
            [
              95.967570844000107,
              5.3507475140000764,
              0,
              null
            ],
            [
              95.967376288000096,
              5.3505903530000403,
              0,
              null
            ],
            [
              95.96712741200011,
              5.3503837650000889,
              0,
              null
            ],
            [
              95.966824845000119,
              5.3502587470000478,
              0,
              null
            ],
            [
              95.966486311000082,
              5.3501519720000061,
              0,
              null
            ],
            [
              95.965529806000077,
              5.3501076610000702,
              0,
              null
            ],
            [
              95.963639579000088,
              5.3498975210000914,
              0,
              null
            ],
            [
              95.961288286000055,
              5.3496449910000692,
              0,
              null
            ],
            [
              95.959575381000079,
              5.3493826330000331,
              0,
              null
            ],
            [
              95.957906762000036,
              5.3489621850000617,
              0,
              null
            ],
            [
              95.957319910000066,
              5.3486943810000191,
              0,
              null
            ],
            [
              95.956845883000099,
              5.348471137000022,
              0,
              null
            ],
            [
              95.956342133000078,
              5.3482020780000532,
              0,
              null
            ],
            [
              95.956195824000048,
              5.3481690449999846,
              0,
              null
            ],
            [
              95.956090305000032,
              5.3481631630000308,
              0,
              null
            ],
            [
              95.955869977000091,
              5.3482058480000099,
              0,
              null
            ],
            [
              95.955617793000016,
              5.3482742950000777,
              0,
              null
            ],
            [
              95.955486663999991,
              5.3482589280000497,
              0,
              null
            ],
            [
              95.955384121000037,
              5.3482049890000276,
              0,
              null
            ],
            [
              95.955159587000111,
              5.3480395700000187,
              0,
              null
            ],
            [
              95.954979691000062,
              5.3478483280000937,
              0,
              null
            ],
            [
              95.954873541000069,
              5.3477111630000245,
              0,
              null
            ],
            [
              95.954866735000039,
              5.3476247339999787,
              0,
              null
            ],
            [
              95.95488516000006,
              5.3475568560000468,
              0,
              null
            ],
            [
              95.954853433000011,
              5.3474956250000432,
              0,
              null
            ],
            [
              95.954654464000058,
              5.3473717610000087,
              0,
              null
            ],
            [
              95.954496053000099,
              5.3472889220000823,
              0,
              null
            ],
            [
              95.954213206000063,
              5.3471552940000393,
              0,
              null
            ],
            [
              95.953923275000051,
              5.3471312280000021,
              0,
              null
            ],
            [
              95.953682363000013,
              5.3471441660000067,
              0,
              null
            ],
            [
              95.952827504000069,
              5.3473131210000417,
              0,
              null
            ],
            [
              95.952252658000106,
              5.3475384350000326,
              0,
              null
            ],
            [
              95.951625830000026,
              5.3478142520000276,
              0,
              null
            ],
            [
              95.951261258000059,
              5.3481253870000138,
              0,
              null
            ],
            [
              95.95067982400009,
              5.3484309910000754,
              0,
              null
            ],
            [
              95.949849649000058,
              5.3486729150001082,
              0,
              null
            ],
            [
              95.948589056000031,
              5.348847680000091,
              0,
              null
            ],
            [
              95.947894556000037,
              5.3488149010000434,
              0,
              null
            ],
            [
              95.947929542000082,
              5.3486846350000121,
              0,
              null
            ],
            [
              95.947978829000078,
              5.3485112390000538,
              0,
              null
            ],
            [
              95.948027426000095,
              5.348347993000047,
              0,
              null
            ],
            [
              95.948071458000101,
              5.3482066589999882,
              0,
              null
            ],
            [
              95.948126438000031,
              5.3480417740000235,
              0,
              null
            ],
            [
              95.948181534000057,
              5.3478919030000576,
              0,
              null
            ],
            [
              95.948233855000041,
              5.3477684000000529,
              0,
              null
            ],
            [
              95.948337882000033,
              5.3476022220000701,
              0,
              null
            ],
            [
              95.948567045000075,
              5.3473879010000118,
              0,
              null
            ],
            [
              95.948648224000038,
              5.3473257310001081,
              0,
              null
            ],
            [
              95.948744558000016,
              5.3472546350000876,
              0,
              null
            ],
            [
              95.948852029000122,
              5.3471770160000602,
              0,
              null
            ],
            [
              95.948966620000093,
              5.3470952700000467,
              0,
              null
            ],
            [
              95.949084303000063,
              5.3470117920000675,
              0,
              null
            ],
            [
              95.94920106900004,
              5.3469289880000552,
              0,
              null
            ],
            [
              95.949312902000059,
              5.3468492520000304,
              0,
              null
            ],
            [
              95.949415782000045,
              5.3467749890000142,
              0,
              null
            ],
            [
              95.949505694000024,
              5.3467085940000274,
              0,
              null
            ],
            [
              95.949718239000021,
              5.3465385679999926,
              0,
              null
            ],
            [
              95.949870058000059,
              5.3463970230000939,
              0,
              null
            ],
            [
              95.949971228000081,
              5.3462816790000538,
              0,
              null
            ],
            [
              95.950074400000091,
              5.3461176280000693,
              0,
              null
            ],
            [
              95.950147630000018,
              5.3459428970000005,
              0,
              null
            ],
            [
              95.950186041999999,
              5.3458100200000196,
              0,
              null
            ],
            [
              95.950217862000059,
              5.3456597110000175,
              0,
              null
            ],
            [
              95.95023583400004,
              5.3455127300000242,
              0,
              null
            ],
            [
              95.950235064000069,
              5.3453651250000682,
              0,
              null
            ],
            [
              95.950214275000036,
              5.3452063059999837,
              0,
              null
            ],
            [
              95.950171697000059,
              5.3450470940000443,
              0,
              null
            ],
            [
              95.950120029000047,
              5.3449191310000259,
              0,
              null
            ],
            [
              95.950048534000089,
              5.3447712260000451,
              0,
              null
            ],
            [
              95.949960799000024,
              5.3446067650000266,
              0,
              null
            ],
            [
              95.949860390000055,
              5.3444291480000743,
              0,
              null
            ],
            [
              95.949794896000057,
              5.3443164660000768,
              0,
              null
            ],
            [
              95.949721466000113,
              5.3441915360000429,
              0,
              null
            ],
            [
              95.949643768000072,
              5.3440602560000166,
              0,
              null
            ],
            [
              95.949565464999992,
              5.3439284830000382,
              0,
              null
            ],
            [
              95.949490189000073,
              5.3438021250000638,
              0,
              null
            ],
            [
              95.949421619000077,
              5.3436870550000464,
              0,
              null
            ],
            [
              95.94936339800006,
              5.3435891640000293,
              0,
              null
            ],
            [
              95.94921444100008,
              5.3433287420000646,
              0,
              null
            ],
            [
              95.949098194000058,
              5.3430810730000893,
              0,
              null
            ],
            [
              95.949055653000087,
              5.3429747590000858,
              0,
              null
            ],
            [
              95.949006214000079,
              5.3428452860000313,
              0,
              null
            ],
            [
              95.948951113000049,
              5.3426966409999892,
              0,
              null
            ],
            [
              95.948891622000104,
              5.3425327850000208,
              0,
              null
            ],
            [
              95.948828985000077,
              5.3423577050000119,
              0,
              null
            ],
            [
              95.948770052000086,
              5.3421911589999986,
              0,
              null
            ],
            [
              95.948764465000068,
              5.3421753710000246,
              0,
              null
            ],
            [
              95.948718756000105,
              5.342045319000011,
              0,
              null
            ],
            [
              95.948669178000088,
              5.3419037220000192,
              0,
              null
            ],
            [
              95.948616966000031,
              5.3417541600000789,
              0,
              null
            ],
            [
              95.948563345000125,
              5.3416002320000437,
              0,
              null
            ],
            [
              95.948509541000107,
              5.3414455100000318,
              0,
              null
            ],
            [
              95.948456795000098,
              5.3412935920000741,
              0,
              null
            ],
            [
              95.948406324000103,
              5.3411480600000232,
              0,
              null
            ],
            [
              95.948359372000127,
              5.3410125040000871,
              0,
              null
            ],
            [
              95.94831715300009,
              5.3408905030000291,
              0,
              null
            ],
            [
              95.948248593000102,
              5.3406923590000659,
              0,
              null
            ],
            [
              95.948184307000119,
              5.3405078000000721,
              0,
              null
            ],
            [
              95.948123434000053,
              5.3403359190000614,
              0,
              null
            ],
            [
              95.948065106000016,
              5.3401758150000482,
              0,
              null
            ],
            [
              95.948008453000043,
              5.3400265630000447,
              0,
              null
            ],
            [
              95.947947265000039,
              5.3398735839999993,
              0,
              null
            ],
            [
              95.947876387000036,
              5.3397052110000125,
              0,
              null
            ],
            [
              95.947796536000098,
              5.339524937000018,
              0,
              null
            ],
            [
              95.947708434000091,
              5.3393362190000353,
              0,
              null
            ],
            [
              95.947612827000086,
              5.339142558999999,
              0,
              null
            ],
            [
              95.947553999000007,
              5.3390285890000726,
              0,
              null
            ],
            [
              95.94753833700004,
              5.3389989120000152,
              0,
              null
            ],
            [
              95.947489134000065,
              5.338905676000028,
              0,
              null
            ],
            [
              95.947420403000052,
              5.3387773610000693,
              0,
              null
            ],
            [
              95.947349969000086,
              5.3386472020000468,
              0,
              null
            ],
            [
              95.947280021000083,
              5.3385187309999864,
              0,
              null
            ],
            [
              95.947212729000015,
              5.3383955040000934,
              0,
              null
            ],
            [
              95.947150266000094,
              5.3382810540000385,
              0,
              null
            ],
            [
              95.947094812000032,
              5.3381789400000272,
              0,
              null
            ],
            [
              95.947048538000018,
              5.338092700000086,
              0,
              null
            ],
            [
              95.946923673000086,
              5.3378387200000326,
              0,
              null
            ],
            [
              95.946880139000115,
              5.3377035530000398,
              0,
              null
            ],
            [
              95.946865821000088,
              5.3375800360000341,
              0,
              null
            ],
            [
              95.94686746800005,
              5.3374456100000138,
              0,
              null
            ],
            [
              95.946892415000065,
              5.3372863890000737,
              0,
              null
            ],
            [
              95.946919390000076,
              5.3371956020000226,
              0,
              null
            ],
            [
              95.946959570000033,
              5.3370603800000254,
              0,
              null
            ],
            [
              95.946996595000073,
              5.3369614800001024,
              0,
              null
            ],
            [
              95.947042269000036,
              5.3368466920000195,
              0,
              null
            ],
            [
              95.947093152000065,
              5.3367240640000873,
              0,
              null
            ],
            [
              95.947145812000073,
              5.3366016440000834,
              0,
              null
            ],
            [
              95.947196807000026,
              5.3364874720000515,
              0,
              null
            ],
            [
              95.947242688000102,
              5.3363895960000356,
              0,
              null
            ],
            [
              95.947362142000031,
              5.336169507000033,
              0,
              null
            ],
            [
              95.947466143000028,
              5.3360185350000648,
              0,
              null
            ],
            [
              95.947572289000007,
              5.3358938980000552,
              0,
              null
            ],
            [
              95.947680336000076,
              5.3357822350000532,
              0,
              null
            ],
            [
              95.947797647000101,
              5.3356795890000868,
              0,
              null
            ],
            [
              95.947976046000022,
              5.3355642810000496,
              0,
              null
            ],
            [
              95.948079482000054,
              5.3355101460000114,
              0,
              null
            ],
            [
              95.948204462000007,
              5.3354488060000875,
              0,
              null
            ],
            [
              95.948338932000027,
              5.335385188000064,
              0,
              null
            ],
            [
              95.948470837000016,
              5.3353241850000792,
              0,
              null
            ],
            [
              95.948588103000034,
              5.3352707150000072,
              0,
              null
            ],
            [
              95.948756060000079,
              5.3351940540000591,
              0,
              null
            ],
            [
              95.948902849000063,
              5.3351223639999894,
              0,
              null
            ],
            [
              95.949022552000017,
              5.3350527640000927,
              0,
              null
            ],
            [
              95.949125670000015,
              5.3349735230000199,
              0,
              null
            ],
            [
              95.9492189300001,
              5.3348839120000662,
              0,
              null
            ],
            [
              95.949239372000108,
              5.3348593180000741,
              0,
              null
            ],
            [
              95.949290744999999,
              5.3347975120000228,
              0,
              null
            ],
            [
              95.949363464000072,
              5.3346628620000729,
              0,
              null
            ],
            [
              95.949420043000046,
              5.3344872730000219,
              0,
              null
            ],
            [
              95.949449419000075,
              5.3343685150000546,
              0,
              null
            ],
            [
              95.949481359000046,
              5.3342242950001122,
              0,
              null
            ],
            [
              95.949511950000002,
              5.3340693120000786,
              0,
              null
            ],
            [
              95.949537269000061,
              5.3339182570000148,
              0,
              null
            ],
            [
              95.949556528000059,
              5.3337664910000697,
              0,
              null
            ],
            [
              95.94956285800005,
              5.3336942410000425,
              0,
              null
            ],
            [
              95.949570759000082,
              5.3336040510000409,
              0,
              null
            ],
            [
              95.94957876200003,
              5.3334376850000424,
              0,
              null
            ],
            [
              95.949579341000074,
              5.3332741360000995,
              0,
              null
            ],
            [
              95.949573560000047,
              5.333137560000079,
              0,
              null
            ],
            [
              95.949562146000076,
              5.3329879280000441,
              0,
              null
            ],
            [
              95.949545544000031,
              5.3328316270000791,
              0,
              null
            ],
            [
              95.949524190000048,
              5.332675059000092,
              0,
              null
            ],
            [
              95.949498531000046,
              5.3325246189999902,
              0,
              null
            ],
            [
              95.949485137000096,
              5.3324608250000409,
              0,
              null
            ],
            [
              95.949466479000066,
              5.3323719520000594,
              0,
              null
            ],
            [
              95.949426953000085,
              5.3322077820000651,
              0,
              null
            ],
            [
              95.949381872000075,
              5.3320371170000662,
              0,
              null
            ],
            [
              95.949333142000043,
              5.3318649780000342,
              0,
              null
            ],
            [
              95.949282680000039,
              5.3316963800000288,
              0,
              null
            ],
            [
              95.9492372590001,
              5.3315509780000774,
              0,
              null
            ],
            [
              95.949186569000091,
              5.3313929420000576,
              0,
              null
            ],
            [
              95.949132269000032,
              5.331226658000066,
              0,
              null
            ],
            [
              95.949075986000082,
              5.3310564880000193,
              0,
              null
            ],
            [
              95.949019363000019,
              5.3308868090000132,
              0,
              null
            ],
            [
              95.948964061000055,
              5.3307219930000542,
              0,
              null
            ],
            [
              95.948915510000035,
              5.3305778690000309,
              0,
              null
            ],
            [
              95.948862732000023,
              5.3304224190000475,
              0,
              null
            ],
            [
              95.948805977000035,
              5.3302572660000607,
              0,
              null
            ],
            [
              95.948745480000099,
              5.3300840000000242,
              0,
              null
            ],
            [
              95.948681472000032,
              5.329904237000072,
              0,
              null
            ],
            [
              95.948614204000066,
              5.3297195739999808,
              0,
              null
            ],
            [
              95.948543893000107,
              5.3295316110000606,
              0,
              null
            ],
            [
              95.948495718000032,
              5.3294057540000388,
              0,
              null
            ],
            [
              95.94844298800011,
              5.3292699530000824,
              0,
              null
            ],
            [
              95.948386461000055,
              5.3291258770000631,
              0,
              null
            ],
            [
              95.948326856000094,
              5.3289752030000308,
              0,
              null
            ],
            [
              95.948264919000039,
              5.3288196060000352,
              0,
              null
            ],
            [
              95.948201390000108,
              5.3286607650000377,
              0,
              null
            ],
            [
              95.948164381000069,
              5.3285685620000471,
              0,
              null
            ],
            [
              95.948136997000105,
              5.3285003369999977,
              0,
              null
            ],
            [
              95.948072487000005,
              5.3283400190000556,
              0,
              null
            ],
            [
              95.948008590000057,
              5.3281814770000828,
              0,
              null
            ],
            [
              95.947946053000024,
              5.3280263900000406,
              0,
              null
            ],
            [
              95.947885595000088,
              5.327876422999978,
              0,
              null
            ],
            [
              95.947825281000078,
              5.3277265830001035,
              0,
              null
            ],
            [
              95.947763097000077,
              5.3275718370000895,
              0,
              null
            ],
            [
              95.947699744000076,
              5.3274138530000741,
              0,
              null
            ],
            [
              95.947635896000037,
              5.3272542630000146,
              0,
              null
            ],
            [
              95.9475722560001,
              5.3270947260000483,
              0,
              null
            ],
            [
              95.947509489000055,
              5.3269368930000454,
              0,
              null
            ],
            [
              95.947448298000054,
              5.3267824130000534,
              0,
              null
            ],
            [
              95.947389366000067,
              5.326632945000032,
              0,
              null
            ],
            [
              95.947333377000049,
              5.3264901220000276,
              0,
              null
            ],
            [
              95.947321892000076,
              5.3264606150000731,
              0,
              null
            ],
            [
              95.947281015000073,
              5.3263556019999996,
              0,
              null
            ],
            [
              95.947232982000088,
              5.3262310359999958,
              0,
              null
            ],
            [
              95.947162303000113,
              5.3260450610000625,
              0,
              null
            ],
            [
              95.947093763000026,
              5.3258616870000779,
              0,
              null
            ],
            [
              95.947027385000041,
              5.3256815820000973,
              0,
              null
            ],
            [
              95.946963179000065,
              5.3255054239999993,
              0,
              null
            ],
            [
              95.946901195000081,
              5.3253338720000158,
              0,
              null
            ],
            [
              95.946841444000114,
              5.3251676120000262,
              0,
              null
            ],
            [
              95.946783948000061,
              5.3250072959999954,
              0,
              null
            ],
            [
              95.946732600000075,
              5.324864197000057,
              0,
              null
            ],
            [
              95.946677881000085,
              5.3247115290000373,
              0,
              null
            ],
            [
              95.946620830000072,
              5.3245518610000602,
              0,
              null
            ],
            [
              95.946562487000037,
              5.3243877360000695,
              0,
              null
            ],
            [
              95.946503900000081,
              5.3242217150000108,
              0,
              null
            ],
            [
              95.946446101000092,
              5.3240563400000056,
              0,
              null
            ],
            [
              95.946390138000083,
              5.3238941820000889,
              0,
              null
            ],
            [
              95.946337051000043,
              5.3237377750000263,
              0,
              null
            ],
            [
              95.946284607000052,
              5.3235800990000364,
              0,
              null
            ],
            [
              95.946230292000081,
              5.3234138950000514,
              0,
              null
            ],
            [
              95.946174722000109,
              5.3232414260000809,
              0,
              null
            ],
            [
              95.946118510000076,
              5.3230649490000452,
              0,
              null
            ],
            [
              95.946062282000042,
              5.32288669300004,
              0,
              null
            ],
            [
              95.946061035000113,
              5.3228827090000657,
              0,
              null
            ],
            [
              95.946250488000075,
              5.3227748770000254,
              0,
              null
            ],
            [
              95.946656676000018,
              5.3226708050000298,
              0,
              null
            ],
            [
              95.947258452000071,
              5.3224845030000694,
              0,
              null
            ],
            [
              95.947674374000115,
              5.3224023800000246,
              0,
              null
            ],
            [
              95.947864095000085,
              5.3222937060000035,
              0,
              null
            ],
            [
              95.948015251000072,
              5.322193508000062,
              0,
              null
            ],
            [
              95.948059060000048,
              5.3221297430000263,
              0,
              null
            ],
            [
              95.947965539000037,
              5.3216537610000785,
              0,
              null
            ],
            [
              95.948326264000045,
              5.3216331650000619,
              0,
              null
            ],
            [
              95.948010820000064,
              5.3212793400000074,
              0,
              null
            ],
            [
              95.947969690000036,
              5.3212072130000792,
              0,
              null
            ],
            [
              95.948066201000117,
              5.321049519999999,
              0,
              null
            ],
            [
              95.948216263000091,
              5.3209355990000766,
              0,
              null
            ],
            [
              95.948272304000028,
              5.3208441380000586,
              0,
              null
            ],
            [
              95.948271376000037,
              5.3206491780000924,
              0,
              null
            ],
            [
              95.948291978000057,
              5.3205061590000717,
              0,
              null
            ],
            [
              95.948551840000064,
              5.3204848699999978,
              0,
              null
            ],
            [
              95.948696088000091,
              5.3205402990000543,
              0,
              null
            ],
            [
              95.948768805000071,
              5.3206922710000164,
              0,
              null
            ],
            [
              95.948873149000093,
              5.3207679320000594,
              0,
              null
            ],
            [
              95.949077134999996,
              5.3207709630000437,
              0,
              null
            ],
            [
              95.949205021000097,
              5.3207503070000222,
              0,
              null
            ],
            [
              95.949292705000076,
              5.3206857540000989,
              0,
              null
            ],
            [
              95.949328042000062,
              5.3205492980000884,
              0,
              null
            ],
            [
              95.949419894000116,
              5.3205207980000395,
              0,
              null
            ],
            [
              95.949524057000119,
              5.3205563750000522,
              0,
              null
            ],
            [
              95.949688377000129,
              5.3206277400000062,
              0,
              null
            ],
            [
              95.949837098000089,
              5.320783355000092,
              0,
              null
            ],
            [
              95.949857648000005,
              5.3208995000000208,
              0,
              null
            ],
            [
              95.949846454000067,
              5.3210679090000106,
              0,
              null
            ],
            [
              95.949874889000014,
              5.3211599650000778,
              0,
              null
            ],
            [
              95.95004480700004,
              5.3212603650000361,
              0,
              null
            ],
            [
              95.95032950600006,
              5.3215443300000835,
              0,
              null
            ],
            [
              95.950495406000115,
              5.3220011600000454,
              0,
              null
            ],
            [
              95.951246906000023,
              5.3219128350000204,
              0,
              null
            ],
            [
              95.951748767000069,
              5.3217829060001058,
              0,
              null
            ],
            [
              95.952836999000056,
              5.3214259710000604,
              0,
              null
            ],
            [
              95.953213163000001,
              5.3213288490000181,
              0,
              null
            ],
            [
              95.953230028000064,
              5.3214959260000754,
              0,
              null
            ],
            [
              95.953700099000059,
              5.3213395360000142,
              0,
              null
            ],
            [
              95.953617646000069,
              5.3210289730000753,
              0,
              null
            ],
            [
              95.954581364000049,
              5.3207742390000483,
              0,
              null
            ],
            [
              95.9544435050001,
              5.3201665120000357,
              0,
              null
            ],
            [
              95.954813936000022,
              5.3200227780000446,
              0,
              null
            ],
            [
              95.955083102000089,
              5.3198660130000412,
              0,
              null
            ],
            [
              95.955054989000075,
              5.3196295530000164,
              0,
              null
            ],
            [
              95.955996012000043,
              5.31947848200004,
              0,
              null
            ],
            [
              95.956550468999993,
              5.3203739870000604,
              0,
              null
            ],
            [
              95.956806232000105,
              5.3206678020000346,
              0,
              null
            ],
            [
              95.957212184000042,
              5.3202204420000569,
              0,
              null
            ],
            [
              95.957339252000068,
              5.320126992000052,
              0,
              null
            ],
            [
              95.957425132000068,
              5.3200680860000631,
              0,
              null
            ],
            [
              95.95752135900004,
              5.3201873100000689,
              0,
              null
            ],
            [
              95.957649649000089,
              5.320342287000102,
              0,
              null
            ],
            [
              95.957724058000025,
              5.320521345999996,
              0,
              null
            ],
            [
              95.957810208000041,
              5.320886996000052,
              0,
              null
            ],
            [
              95.957910466999991,
              5.3212631330000875,
              0,
              null
            ],
            [
              95.957985122000039,
              5.3215602470000682,
              0,
              null
            ],
            [
              95.958058792000003,
              5.3218130990000283,
              0,
              null
            ],
            [
              95.958096315000006,
              5.3218679130000339,
              0,
              null
            ],
            [
              95.958183423000023,
              5.3220209740000861,
              0,
              null
            ],
            [
              95.958262709000095,
              5.3221799820000086,
              0,
              null
            ],
            [
              95.958573548000061,
              5.3220868780000323,
              0,
              null
            ],
            [
              95.958695013000067,
              5.3219964630001009,
              0,
              null
            ],
            [
              95.95936050800006,
              5.3216818310000029,
              0,
              null
            ],
            [
              95.959781987000028,
              5.3213980390000586,
              0,
              null
            ],
            [
              95.960127084000078,
              5.3212538010000259,
              0,
              null
            ],
            [
              95.960597627000112,
              5.3210594980000252,
              0,
              null
            ],
            [
              95.960683190000083,
              5.3209223430000456,
              0,
              null
            ],
            [
              95.960743072000056,
              5.3208672540001061,
              0,
              null
            ],
            [
              95.960931357000007,
              5.3207951150000881,
              0,
              null
            ],
            [
              95.960960953000054,
              5.3206963340000861,
              0,
              null
            ],
            [
              95.960987313000018,
              5.3204907150000373,
              0,
              null
            ],
            [
              95.960883600000059,
              5.3202117860000513,
              0,
              null
            ],
            [
              95.960772009000053,
              5.3197605760000215,
              0,
              null
            ],
            [
              95.960838365000129,
              5.319412723000017,
              0,
              null
            ],
            [
              95.961011154000033,
              5.3189864150000048,
              0,
              null
            ],
            [
              95.960991103000069,
              5.3188035730000642,
              0,
              null
            ],
            [
              95.961590013000063,
              5.3177870270000653,
              0,
              null
            ],
            [
              95.961854560000106,
              5.3173357450000296,
              0,
              null
            ],
            [
              95.9620993300001,
              5.3167975089999935,
              0,
              null
            ],
            [
              95.962241725000069,
              5.3164572060000808,
              0,
              null
            ],
            [
              95.962752831999993,
              5.3161618260000658,
              0,
              null
            ],
            [
              95.962953909000106,
              5.3161394760000817,
              0,
              null
            ],
            [
              95.963490342000085,
              5.3158718580000546,
              0,
              null
            ],
            [
              95.963420150000047,
              5.3156748380000955,
              0,
              null
            ],
            [
              95.963314481000012,
              5.315113812000039,
              0,
              null
            ],
            [
              95.962955489000066,
              5.3139409950000775,
              0,
              null
            ],
            [
              95.962866324000061,
              5.3131621370000275,
              0,
              null
            ],
            [
              95.962433263000023,
              5.3118599040001051,
              0,
              null
            ],
            [
              95.96269060200008,
              5.3112440990000458,
              0,
              null
            ],
            [
              95.963017386000033,
              5.3105719210001183,
              0,
              null
            ],
            [
              95.96217055700005,
              5.3094317320001032,
              0,
              null
            ],
            [
              95.961741077000042,
              5.3086083100000963,
              0,
              null
            ],
            [
              95.961185973000028,
              5.3076707740000622,
              0,
              null
            ],
            [
              95.96071547600009,
              5.3074947190000614,
              0,
              null
            ],
            [
              95.960179503000063,
              5.3071730800000054,
              0,
              null
            ],
            [
              95.959887074000022,
              5.3069799590000137,
              0,
              null
            ],
            [
              95.958841848000048,
              5.3073452080000365,
              0,
              null
            ],
            [
              95.958892754000004,
              5.3074892170000503,
              0,
              null
            ],
            [
              95.958931332000077,
              5.3077142360000167,
              0,
              null
            ],
            [
              95.958980718000078,
              5.307960653000066,
              0,
              null
            ],
            [
              95.95898813500007,
              5.3081374930000429,
              0,
              null
            ],
            [
              95.958965583000079,
              5.308240340000026,
              0,
              null
            ],
            [
              95.958919715000007,
              5.308284593000046,
              0,
              null
            ],
            [
              95.958819394000059,
              5.3083332989999903,
              0,
              null
            ],
            [
              95.958704307000033,
              5.3083590129999862,
              0,
              null
            ],
            [
              95.958650103000082,
              5.3084137870000774,
              0,
              null
            ],
            [
              95.958617136000015,
              5.30852926800004,
              0,
              null
            ],
            [
              95.958655172000064,
              5.3085982790000656,
              0,
              null
            ],
            [
              95.958424755000095,
              5.3087350560000139,
              0,
              null
            ],
            [
              95.95817430200006,
              5.3087361180001018,
              0,
              null
            ],
            [
              95.958005737000065,
              5.3085797790000449,
              0,
              null
            ],
            [
              95.957700409000026,
              5.3085645900000316,
              0,
              null
            ],
            [
              95.957429628000085,
              5.30812601300007,
              0,
              null
            ],
            [
              95.957312563000087,
              5.3081127970000423,
              0,
              null
            ],
            [
              95.95694841200006,
              5.3082385360000544,
              0,
              null
            ],
            [
              95.956949464000061,
              5.3084175470000332,
              0,
              null
            ],
            [
              95.957430005000035,
              5.3096100280000229,
              0,
              null
            ],
            [
              95.956931936000032,
              5.3097683980000703,
              0,
              null
            ],
            [
              95.956149826000072,
              5.3099581570000502,
              0,
              null
            ],
            [
              95.954818004000089,
              5.3102932600000656,
              0,
              null
            ],
            [
              95.954054337000059,
              5.3104908090000684,
              0,
              null
            ],
            [
              95.953013912000031,
              5.3108939640000301,
              0,
              null
            ],
            [
              95.952481891000076,
              5.3110384689999961,
              0,
              null
            ],
            [
              95.952296608000012,
              5.3110279890000172,
              0,
              null
            ],
            [
              95.952192596000032,
              5.3109891710000916,
              0,
              null
            ],
            [
              95.952067090000028,
              5.3109011400000909,
              0,
              null
            ],
            [
              95.95198743600011,
              5.3107921840000465,
              0,
              null
            ],
            [
              95.951695140000083,
              5.3102131380000088,
              0,
              null
            ],
            [
              95.95093351600012,
              5.3086723610000668,
              0,
              null
            ],
            [
              95.95088078400002,
              5.3084673610000692,
              0,
              null
            ],
            [
              95.950851368000073,
              5.3082687540000677,
              0,
              null
            ],
            [
              95.950801348000113,
              5.3079918710000733,
              0,
              null
            ],
            [
              95.950769056000098,
              5.3077149020000718,
              0,
              null
            ],
            [
              95.950723593000077,
              5.3074623850000506,
              0,
              null
            ],
            [
              95.950394984000056,
              5.3072022380000199,
              0,
              null
            ],
            [
              95.950063728000003,
              5.3068574930000949,
              0,
              null
            ],
            [
              95.94954875300003,
              5.3060246350000178,
              0,
              null
            ],
            [
              95.949098124000045,
              5.3053493020000069,
              0,
              null
            ],
            [
              95.948482913000035,
              5.3043630410000269,
              0,
              null
            ],
            [
              95.94831884900006,
              5.3039982660000433,
              0,
              null
            ],
            [
              95.947991741000081,
              5.3033289120000831,
              0,
              null
            ],
            [
              95.947835719000054,
              5.3029770910000167,
              0,
              null
            ],
            [
              95.947679604000101,
              5.302642746000064,
              0,
              null
            ],
            [
              95.947441473000112,
              5.3022735440000694,
              0,
              null
            ],
            [
              95.94713888800004,
              5.3021446630000639,
              0,
              null
            ],
            [
              95.946902854000044,
              5.3017889180000282,
              0,
              null
            ],
            [
              95.946811115000088,
              5.3014505540000094,
              0,
              null
            ],
            [
              95.946728497000009,
              5.3011347340000796,
              0,
              null
            ],
            [
              95.946486950000093,
              5.3005666990000648,
              0,
              null
            ],
            [
              95.946485365000058,
              5.300232422000029,
              0,
              null
            ],
            [
              95.946775182000053,
              5.2995760249999861,
              0,
              null
            ],
            [
              95.947070192000041,
              5.2990641580000002,
              0,
              null
            ],
            [
              95.946634473000046,
              5.2983636610000389,
              0,
              null
            ],
            [
              95.946206108000041,
              5.2976263140000484,
              0,
              null
            ],
            [
              95.946634479000039,
              5.2974592050000773,
              0,
              null
            ],
            [
              95.94652177200004,
              5.2972831140000736,
              0,
              null
            ],
            [
              95.946441928000098,
              5.2971206430000422,
              0,
              null
            ],
            [
              95.946402588000041,
              5.2970165790000472,
              0,
              null
            ],
            [
              95.946360301000098,
              5.2968936650000025,
              0,
              null
            ],
            [
              95.94631984400003,
              5.296768718000056,
              0,
              null
            ],
            [
              95.946285990000078,
              5.2966585470000886,
              0,
              null
            ],
            [
              95.946234516000075,
              5.2964797790000411,
              0,
              null
            ],
            [
              95.946188687000102,
              5.2963360470000502,
              0,
              null
            ],
            [
              95.946128946000044,
              5.29619864200005,
              0,
              null
            ],
            [
              95.946047734000075,
              5.2960250480000752,
              0,
              null
            ],
            [
              95.945996118000068,
              5.2959095770000246,
              0,
              null
            ],
            [
              95.945933129000096,
              5.2957659360000413,
              0,
              null
            ],
            [
              95.945862181000095,
              5.2956033059999967,
              0,
              null
            ],
            [
              95.945786708000071,
              5.295430858000028,
              0,
              null
            ],
            [
              95.945731558000034,
              5.2953058000000723,
              0,
              null
            ],
            [
              95.945669935000083,
              5.2951668500000331,
              0,
              null
            ],
            [
              95.945604388000078,
              5.2950197520000302,
              0,
              null
            ],
            [
              95.94553745100005,
              5.2948702480000946,
              0,
              null
            ],
            [
              95.945471665000113,
              5.2947240990000815,
              0,
              null
            ],
            [
              95.94540956400003,
              5.2945870490000218,
              0,
              null
            ],
            [
              95.945336185000087,
              5.2944266080000695,
              0,
              null
            ],
            [
              95.945260883000074,
              5.2942637180000034,
              0,
              null
            ],
            [
              95.94518702100001,
              5.2941059080000912,
              0,
              null
            ],
            [
              95.945117977000066,
              5.2939606960000667,
              0,
              null
            ],
            [
              95.945057122000009,
              5.2938355840000177,
              0,
              null
            ],
            [
              95.944965589000077,
              5.2936558490000678,
              0,
              null
            ],
            [
              95.944878823000082,
              5.2934947300000594,
              0,
              null
            ],
            [
              95.944807684000068,
              5.293370084000049,
              0,
              null
            ],
            [
              95.946166446000049,
              5.2928652130000202,
              0,
              null
            ],
            [
              95.947066409000072,
              5.2925034590000202,
              0,
              null
            ],
            [
              95.946874996000048,
              5.2919585380000527,
              0,
              null
            ],
            [
              95.949914065000058,
              5.2907003570000448,
              0,
              null
            ],
            [
              95.95001566300003,
              5.2908949540000698,
              0,
              null
            ],
            [
              95.950090992000042,
              5.2909306250000014,
              0,
              null
            ],
            [
              95.950157232000024,
              5.2909330740000264,
              0,
              null
            ],
            [
              95.950234268000003,
              5.2909237900000576,
              0,
              null
            ],
            [
              95.950249088000064,
              5.2909280470000546,
              0,
              null
            ],
            [
              95.950275497000035,
              5.2909415820001087,
              0,
              null
            ],
            [
              95.95029619400006,
              5.2909649280000863,
              0,
              null
            ],
            [
              95.950375732000069,
              5.2910974310000363,
              0,
              null
            ],
            [
              95.95089558700009,
              5.2921164090000588,
              0,
              null
            ],
            [
              95.951415445000023,
              5.2931353860000812,
              0,
              null
            ],
            [
              95.951483628000076,
              5.2932377580000249,
              0,
              null
            ],
            [
              95.951564826000038,
              5.293339978000045,
              0,
              null
            ],
            [
              95.951693722000044,
              5.2934252470000835,
              0,
              null
            ],
            [
              95.951859242000069,
              5.2934809600000747,
              0,
              null
            ],
            [
              95.951995412000059,
              5.2934107350000374,
              0,
              null
            ],
            [
              95.952884267000059,
              5.2930041280000566,
              0,
              null
            ],
            [
              95.95362266500004,
              5.292914650000025,
              0,
              null
            ],
            [
              95.954173250000039,
              5.292571435000049,
              0,
              null
            ],
            [
              95.954851354000098,
              5.2925113980000553,
              0,
              null
            ],
            [
              95.955678101000032,
              5.2921554900000061,
              0,
              null
            ],
            [
              95.956166048000071,
              5.2922154990000863,
              0,
              null
            ],
            [
              95.956475116000064,
              5.2922212700000308,
              0,
              null
            ],
            [
              95.956507215000059,
              5.2922239070000714,
              0,
              null
            ],
            [
              95.957136051000049,
              5.2921316420000757,
              0,
              null
            ],
            [
              95.957542770000032,
              5.2922463730000651,
              0,
              null
            ],
            [
              95.957641040000084,
              5.2923010890000626,
              0,
              null
            ],
            [
              95.958117537000078,
              5.2922214210000433,
              0,
              null
            ],
            [
              95.959104980000063,
              5.2920272010000495,
              0,
              null
            ],
            [
              95.95959582400009,
              5.2918868879999863,
              0,
              null
            ],
            [
              95.959759987000083,
              5.2918621670000725,
              0,
              null
            ],
            [
              95.959850143000082,
              5.2921690770000644,
              0,
              null
            ],
            [
              95.960261300000084,
              5.2921807000000491,
              0,
              null
            ],
            [
              95.961382200000102,
              5.2921337540000728,
              0,
              null
            ],
            [
              95.961766628000106,
              5.2920437639999989,
              0,
              null
            ],
            [
              95.962233253000079,
              5.2917759320000428,
              0,
              null
            ],
            [
              95.962921881000042,
              5.2914111760000608,
              0,
              null
            ],
            [
              95.963763652000054,
              5.2910254220001178,
              0,
              null
            ],
            [
              95.964502418000066,
              5.2906222830000686,
              0,
              null
            ],
            [
              95.96462030400005,
              5.2907122430000513,
              0,
              null
            ],
            [
              95.964738492000066,
              5.2908655550000354,
              0,
              null
            ],
            [
              95.964860964000067,
              5.2909735860000922,
              0,
              null
            ],
            [
              95.965010854000042,
              5.2911403310000331,
              0,
              null
            ],
            [
              95.965165353000032,
              5.2913296790000679,
              0,
              null
            ],
            [
              95.965396950000098,
              5.2915820130000739,
              0,
              null
            ],
            [
              95.965705906000082,
              5.2919516570000162,
              0,
              null
            ],
            [
              95.965965960000105,
              5.2922506870000667,
              0,
              null
            ],
            [
              95.966090353000098,
              5.2924495590000014,
              0,
              null
            ],
            [
              95.96675380500001,
              5.2933712440000562,
              0,
              null
            ],
            [
              95.966914544000076,
              5.2935670970000075,
              0,
              null
            ],
            [
              95.967759061000052,
              5.2944806220000089,
              0,
              null
            ],
            [
              95.968291390000047,
              5.2951451370000129,
              0,
              null
            ],
            [
              95.968575882000053,
              5.2955002719999982,
              0,
              null
            ],
            [
              95.96890158300009,
              5.2959653780000231,
              0,
              null
            ],
            [
              95.969017250000064,
              5.2960980460000755,
              0,
              null
            ],
            [
              95.969145659000034,
              5.2962301559999929,
              0,
              null
            ],
            [
              95.969348667000034,
              5.296465678000029,
              0,
              null
            ],
            [
              95.96953809899999,
              5.2966951040000048,
              0,
              null
            ],
            [
              95.969679828000082,
              5.2969136550000577,
              0,
              null
            ],
            [
              95.969842714000066,
              5.2971612680000284,
              0,
              null
            ],
            [
              95.970041510000073,
              5.2974810480001082,
              0,
              null
            ],
            [
              95.970472508000029,
              5.2980172460000645,
              0,
              null
            ],
            [
              95.970784458000082,
              5.2984506140000391,
              0,
              null
            ],
            [
              95.970918218000051,
              5.2986537540000604,
              0,
              null
            ],
            [
              95.97101998600003,
              5.2988180370000642,
              0,
              null
            ],
            [
              95.971154739000085,
              5.2990477240000615,
              0,
              null
            ],
            [
              95.971264351000087,
              5.299252109000097,
              0,
              null
            ],
            [
              95.971360471000054,
              5.2994302770000949,
              0,
              null
            ],
            [
              95.971452417000108,
              5.2995515930000074,
              0,
              null
            ],
            [
              95.971567614000051,
              5.2996725540000682,
              0,
              null
            ],
            [
              95.971726163000113,
              5.2998138680000366,
              0,
              null
            ],
            [
              95.972089735000083,
              5.3001724970000446,
              0,
              null
            ],
            [
              95.972229066000068,
              5.3003264440000812,
              0,
              null
            ],
            [
              95.972383920000084,
              5.3005432320000772,
              0,
              null
            ],
            [
              95.972593852000045,
              5.3008670220000447,
              0,
              null
            ],
            [
              95.972689621000072,
              5.3009735930000694,
              0,
              null
            ],
            [
              95.972804590000081,
              5.3010616050000685,
              0,
              null
            ],
            [
              95.972953616000069,
              5.3011716060000218,
              0,
              null
            ],
            [
              95.973042700000065,
              5.3012788050000097,
              0,
              null
            ],
            [
              95.973115325000038,
              5.3014063570000829,
              0,
              null
            ],
            [
              95.973181572000001,
              5.3015515120001027,
              0,
              null
            ],
            [
              95.973341808000029,
              5.3018644130000574,
              0,
              null
            ],
            [
              95.973294250000009,
              5.3019946569999981,
              0,
              null
            ],
            [
              95.973456614000028,
              5.3022515930000296,
              0,
              null
            ],
            [
              95.973774873000067,
              5.3026775040000089,
              0,
              null
            ],
            [
              95.973786814000078,
              5.3026952110000529,
              0,
              null
            ],
            [
              95.974575082000015,
              5.3038639490000321,
              0,
              null
            ],
            [
              95.974908711000097,
              5.3042397060000361,
              0,
              null
            ],
            [
              95.975203297000036,
              5.3045388050000923,
              0,
              null
            ],
            [
              95.975377954000109,
              5.3047708150000155,
              0,
              null
            ],
            [
              95.974848509000083,
              5.3050006340000238,
              0,
              null
            ],
            [
              95.974317214999999,
              5.3052071170000552,
              0,
              null
            ],
            [
              95.974052145000101,
              5.3053043370000168,
              0,
              null
            ],
            [
              95.973858856999996,
              5.3053597150000691,
              0,
              null
            ],
            [
              95.973708949000027,
              5.305390929000076,
              0,
              null
            ],
            [
              95.973611266000034,
              5.3054284229999809,
              0,
              null
            ],
            [
              95.973476182000041,
              5.3054907340000739,
              0,
              null
            ],
            [
              95.973244748000084,
              5.3056177240001006,
              0,
              null
            ],
            [
              95.972820270000042,
              5.3057753179999949,
              0,
              null
            ],
            [
              95.972691779000073,
              5.3058342779999883,
              0,
              null
            ],
            [
              95.972501668000064,
              5.305916654000054,
              0,
              null
            ],
            [
              95.97238409000002,
              5.3059308139999821,
              0,
              null
            ],
            [
              95.97232323700004,
              5.3059341660000818,
              0,
              null
            ],
            [
              95.972266393000041,
              5.3059534479999897,
              0,
              null
            ],
            [
              95.972216642000021,
              5.3059679420000343,
              0,
              null
            ],
            [
              95.97217756200007,
              5.30598364300009,
              0,
              null
            ],
            [
              95.972094639000048,
              5.3059962310000657,
              0,
              null
            ],
            [
              95.971984687000003,
              5.3060020200000118,
              0,
              null
            ],
            [
              95.971888866000072,
              5.3060027620000731,
              0,
              null
            ],
            [
              95.971919160000098,
              5.306090155000021,
              0,
              null
            ],
            [
              95.972073123000129,
              5.3064130010000881,
              0,
              null
            ],
            [
              95.972403263000089,
              5.3072322300001034,
              0,
              null
            ],
            [
              95.972687182000044,
              5.3079837630000242,
              0,
              null
            ],
            [
              95.973206504000117,
              5.3094233150000285,
              0,
              null
            ],
            [
              95.973103247000012,
              5.3095461000000626,
              0,
              null
            ],
            [
              95.97258014600007,
              5.3098258710000295,
              0,
              null
            ],
            [
              95.971995977000049,
              5.3100109730000682,
              0,
              null
            ],
            [
              95.971267844000025,
              5.3100014610000805,
              0,
              null
            ],
            [
              95.970672290000039,
              5.3105251400000668,
              0,
              null
            ],
            [
              95.970769972000042,
              5.3119178630001045,
              0,
              null
            ],
            [
              95.970694835000046,
              5.3125171590000413,
              0,
              null
            ],
            [
              95.970476688000119,
              5.3131171520000358,
              0,
              null
            ],
            [
              95.971169409000055,
              5.3137688620000461,
              0,
              null
            ],
            [
              95.971638037000019,
              5.3133612800000734,
              0,
              null
            ],
            [
              95.971740761000078,
              5.3133350270000328,
              0,
              null
            ],
            [
              95.97192092800006,
              5.3133727910000488,
              0,
              null
            ],
            [
              95.972089045000118,
              5.3135779760000617,
              0,
              null
            ],
            [
              95.972000532000081,
              5.3138874090000847,
              0,
              null
            ],
            [
              95.971719061000059,
              5.3141720160000077,
              0,
              null
            ],
            [
              95.971979027000074,
              5.3147630100000569,
              0,
              null
            ],
            [
              95.972492711000115,
              5.3146446570000343,
              0,
              null
            ],
            [
              95.973020109000061,
              5.3143375440000256,
              0,
              null
            ],
            [
              95.974070678000032,
              5.3139679269999966,
              0,
              null
            ],
            [
              95.974189534000089,
              5.3139153660000886,
              0,
              null
            ],
            [
              95.974324898000106,
              5.3138555050000207,
              0,
              null
            ],
            [
              95.974751029000103,
              5.313780984000072,
              0,
              null
            ],
            [
              95.975172238000042,
              5.3138772650000448,
              0,
              null
            ],
            [
              95.975418236000067,
              5.3139954590000542,
              0,
              null
            ],
            [
              95.975600586000056,
              5.3140015990000293,
              0,
              null
            ],
            [
              95.97575470000001,
              5.3139340720000376,
              0,
              null
            ],
            [
              95.97590847900004,
              5.3138666920000581,
              0,
              null
            ],
            [
              95.976947802000055,
              5.3133636200000893,
              0,
              null
            ],
            [
              95.977987122000073,
              5.3128605460000315,
              0,
              null
            ],
            [
              95.978855497000069,
              5.3124354560000313,
              0,
              null
            ],
            [
              95.979723870000058,
              5.3120103660000311,
              0,
              null
            ],
            [
              95.980543730000036,
              5.3116130730000215,
              0,
              null
            ],
            [
              95.982200947000109,
              5.3109268850000895,
              0,
              null
            ],
            [
              95.983072678000028,
              5.310565619000041,
              0,
              null
            ],
            [
              95.983355355000057,
              5.3104991340000467,
              0,
              null
            ],
            [
              95.983481373000103,
              5.3104602180000242,
              0,
              null
            ],
            [
              95.983645708000012,
              5.3104364390000995,
              0,
              null
            ],
            [
              95.983764115000042,
              5.3104052220000035,
              0,
              null
            ],
            [
              95.983831451000114,
              5.3103696210000777,
              0,
              null
            ],
            [
              95.98397224700004,
              5.3103007010000596,
              0,
              null
            ],
            [
              95.984175997000108,
              5.3101681070000133,
              0,
              null
            ],
            [
              95.984358878000052,
              5.3100536830000493,
              0,
              null
            ],
            [
              95.984422606000081,
              5.310016795000017,
              0,
              null
            ],
            [
              95.984495484000078,
              5.3099829110000556,
              0,
              null
            ],
            [
              95.984589773000053,
              5.3099702600000747,
              0,
              null
            ],
            [
              95.984738925000059,
              5.3099756370000755,
              0,
              null
            ],
            [
              95.984979675000076,
              5.3100415370001102,
              0,
              null
            ],
            [
              95.985415474000078,
              5.3101644110000628,
              0,
              null
            ],
            [
              95.985769002000012,
              5.310266344000059,
              0,
              null
            ],
            [
              95.986151541000055,
              5.3103465700000356,
              0,
              null
            ],
            [
              95.986500167000031,
              5.3103642780000797,
              0,
              null
            ],
            [
              95.986817897000023,
              5.3103976510000876,
              0,
              null
            ],
            [
              95.986925161000016,
              5.3104288790000069,
              0,
              null
            ],
            [
              95.986999364000027,
              5.3104877500000818,
              0,
              null
            ],
            [
              95.987083660000081,
              5.3105959360000625,
              0,
              null
            ],
            [
              95.987207733000048,
              5.3107779650000246,
              0,
              null
            ],
            [
              95.987306744000065,
              5.3108712680000174,
              0,
              null
            ],
            [
              95.987494548000058,
              5.3109838870000097,
              0,
              null
            ],
            [
              95.987563298000069,
              5.3111063830000198,
              0,
              null
            ],
            [
              95.987756531000059,
              5.31171766300006,
              0,
              null
            ],
            [
              95.987504311000066,
              5.3120278840000594,
              0,
              null
            ],
            [
              95.987738135000058,
              5.3125729240000368,
              0,
              null
            ],
            [
              95.988242091000089,
              5.3137383670000098,
              0,
              null
            ],
            [
              95.988720595000075,
              5.314790739000042,
              0,
              null
            ],
            [
              95.989038968000031,
              5.3154609590000739,
              0,
              null
            ],
            [
              95.987551068000116,
              5.3161420190000257,
              0,
              null
            ],
            [
              95.988016738000098,
              5.3168394250000865,
              0,
              null
            ],
            [
              95.988411876000015,
              5.3175406560000198,
              0,
              null
            ],
            [
              95.988782513000046,
              5.3181954960000226,
              0,
              null
            ],
            [
              95.986617261000035,
              5.3194975070000154,
              0,
              null
            ],
            [
              95.98599430100009,
              5.3198251400000345,
              0,
              null
            ],
            [
              95.985781924000023,
              5.3199354370000123,
              0,
              null
            ],
            [
              95.985368417000089,
              5.3201554380000076,
              0,
              null
            ],
            [
              95.98378679700005,
              5.3210091460000335,
              0,
              null
            ],
            [
              95.983176300000082,
              5.3212145340000632,
              0,
              null
            ],
            [
              95.983019389000063,
              5.3212637800000522,
              0,
              null
            ],
            [
              95.983070720000043,
              5.3214146740000139,
              0,
              null
            ],
            [
              95.98240748700006,
              5.3216318190000393,
              0,
              null
            ],
            [
              95.982033438000116,
              5.3217773170000875,
              0,
              null
            ],
            [
              95.981773600000011,
              5.3217281370000151,
              0,
              null
            ],
            [
              95.981603833000094,
              5.321677756000021,
              0,
              null
            ],
            [
              95.981394380000083,
              5.3217271960000261,
              0,
              null
            ],
            [
              95.981229449000111,
              5.3217946080000971,
              0,
              null
            ],
            [
              95.98111434400009,
              5.3218976480000961,
              0,
              null
            ],
            [
              95.980237575000018,
              5.3221109670000715,
              0,
              null
            ],
            [
              95.979643219000053,
              5.3223487750000302,
              0,
              null
            ],
            [
              95.978978766000054,
              5.3230206470000212,
              0,
              null
            ],
            [
              95.978081188000033,
              5.3235209490000273,
              0,
              null
            ],
            [
              95.977532525000115,
              5.3239236860000432,
              0,
              null
            ],
            [
              95.976734853000025,
              5.3241783190000618,
              0,
              null
            ],
            [
              95.976557808000024,
              5.324123020000016,
              0,
              null
            ],
            [
              95.976309831000023,
              5.3240600640000473,
              0,
              null
            ],
            [
              95.976236900000032,
              5.3238748019999953,
              0,
              null
            ],
            [
              95.975253923000054,
              5.3241358020000966,
              0,
              null
            ],
            [
              95.974842861000056,
              5.3242676220000789,
              0,
              null
            ],
            [
              95.974330117000093,
              5.3240684570000312,
              0,
              null
            ],
            [
              95.974080953000083,
              5.3235156880000361,
              0,
              null
            ],
            [
              95.9733898570001,
              5.3237444390000448,
              0,
              null
            ],
            [
              95.973166013000053,
              5.3233221990001027,
              0,
              null
            ],
            [
              95.972250810000091,
              5.3237773290000128,
              0,
              null
            ],
            [
              95.971012839000068,
              5.3242823340000527,
              0,
              null
            ],
            [
              95.970266022000004,
              5.3245524570000207,
              0,
              null
            ],
            [
              95.969626538000028,
              5.3246504050000425,
              0,
              null
            ],
            [
              95.968613720000064,
              5.3248992240000241,
              0,
              null
            ],
            [
              95.968231221000039,
              5.3250185170000357,
              0,
              null
            ],
            [
              95.967957010000092,
              5.3251643920000262,
              0,
              null
            ],
            [
              95.967908652000091,
              5.3254175920001039,
              0,
              null
            ],
            [
              95.967968604000077,
              5.3257018910000902,
              0,
              null
            ],
            [
              95.967856459000117,
              5.3258108460000457,
              0,
              null
            ],
            [
              95.967721694000076,
              5.325901841000114,
              0,
              null
            ],
            [
              95.967582769000032,
              5.3260651330000357,
              0,
              null
            ],
            [
              95.967605996000003,
              5.3262095729999963,
              0,
              null
            ],
            [
              95.967738380000029,
              5.3265612810000533,
              0,
              null
            ],
            [
              95.968433671000099,
              5.3277420130000479,
              0,
              null
            ],
            [
              95.969140081000006,
              5.3275212110000751,
              0,
              null
            ],
            [
              95.970575896000057,
              5.3271393460000098,
              0,
              null
            ],
            [
              95.971335163000091,
              5.3294575450000607,
              0,
              null
            ],
            [
              95.972225609000049,
              5.3290647580000687,
              0,
              null
            ],
            [
              95.972403259000004,
              5.3294569000000074,
              0,
              null
            ],
            [
              95.973269537000093,
              5.3290304150000694,
              0,
              null
            ],
            [
              95.973485308000093,
              5.3295465300000515,
              0,
              null
            ],
            [
              95.973633984000045,
              5.3295367770000439,
              0,
              null
            ],
            [
              95.974500973000019,
              5.3308245120000102,
              0,
              null
            ],
            [
              95.974281908000094,
              5.3310785150000655,
              0,
              null
            ],
            [
              95.974045639000096,
              5.3312768140000415,
              0,
              null
            ],
            [
              95.974156591000039,
              5.3317046860000055,
              0,
              null
            ],
            [
              95.97383898800004,
              5.3323467410000163,
              0,
              null
            ],
            [
              95.974749094000032,
              5.3348727540000311,
              0,
              null
            ],
            [
              95.974967422000063,
              5.3355393620000306,
              0,
              null
            ],
            [
              95.975260876000007,
              5.3362710189999945,
              0,
              null
            ],
            [
              95.975553901000097,
              5.3370260920000305,
              0,
              null
            ],
            [
              95.975971480000098,
              5.3376384110000679,
              0,
              null
            ],
            [
              95.976223071000035,
              5.3384021660000229,
              0,
              null
            ],
            [
              95.97665079800008,
              5.3400501390000414,
              0,
              null
            ],
            [
              95.976690544000078,
              5.3404105660000205,
              0,
              null
            ],
            [
              95.976553831000047,
              5.3411079559999912,
              0,
              null
            ],
            [
              95.976292247000075,
              5.3421882550000248,
              0,
              null
            ],
            [
              95.975814327000066,
              5.3429461770000302,
              0,
              null
            ],
            [
              95.975496529000054,
              5.3434529850000416,
              0,
              null
            ],
            [
              95.975462747000009,
              5.3438020250000555,
              0,
              null
            ],
            [
              95.975548653000018,
              5.3442497580000641,
              0,
              null
            ],
            [
              95.975799429000077,
              5.3452002530000158,
              0,
              null
            ],
            [
              95.976020812000087,
              5.3462569120000474,
              0,
              null
            ],
            [
              95.976053841000066,
              5.3466334370000261,
              0,
              null
            ],
            [
              95.97594984300008,
              5.3467978660000419,
              0,
              null
            ],
            [
              95.975297434000097,
              5.3471478950000488,
              0,
              null
            ],
            [
              95.974724179000106,
              5.3471984050000536,
              0,
              null
            ],
            [
              95.97342368300005,
              5.3476030750000518,
              0,
              null
            ],
            [
              95.972348925000034,
              5.3481043440000491,
              0,
              null
            ],
            [
              95.971827360000049,
              5.3483598390000502,
              0,
              null
            ],
            [
              95.971377980000085,
              5.3484957710000174,
              0,
              null
            ],
            [
              95.970855399000101,
              5.3486762430000283,
              0,
              null
            ],
            [
              95.970235555000059,
              5.3491129040000089,
              0,
              null
            ],
            [
              95.969512446000095,
              5.3496313760000085,
              0,
              null
            ],
            [
              95.968982343000022,
              5.3499862920000645,
              0,
              null
            ],
            [
              95.969220054000061,
              5.3506807970000629,
              0,
              null
            ]
          ]
        ]
      },
      "properties" : {
        "FID" : 0,
        "KDPPUM" : " ",
        "NAMOBJ" : "PEUKAN BARO",
        "REMARK" : "Wilayah Administrasi Kecamatan",
        "KDPBPS" : " ",
        "FCODE" : " ",
        "LUASWH" : 0,
        "UUPP" : " ",
        "SRS_ID" : " ",
        "LCODE" : "BA0080",
        "METADATA" : " ",
        "KDEBPS" : " ",
        "KDEPUM" : " ",
        "KDCBPS" : " ",
        "KDCPUM" : " ",
        "KDBBPS" : " ",
        "KDBPUM" : " ",
        "WADMKD" : " ",
        "WIADKD" : " ",
        "WADMKC" : " ",
        "WIADKC" : " ",
        "WADMKK" : "PIDIE",
        "WIADKK" : " ",
        "WADMPR" : "ACEH",
        "WIADPR" : " ",
        "TIPADM" : 0,
        "Shape_Leng" : 0.26885363559600001,
        "Shape_Area" : 0.0013955014254099999
      }
    }
  ]
}