{
  "hasZ" : true,
  "hasM" : true,
  "type" : "FeatureCollection",
  "features" : [
    {
      "type" : "Feature",
      "id" : 0,
      "geometry" : {
        "type" : "Polygon",
        "coordinates" : [
          [
            [
              96.010713901000017,
              5.1965699900000999,
              0,
              null
            ],
            [
              96.010588394000109,
              5.1967190379999977,
              0,
              null
            ],
            [
              96.010439581000057,
              5.1969423210000869,
              0,
              null
            ],
            [
              96.010286555000008,
              5.197288515000043,
              0,
              null
            ],
            [
              96.009524684000027,
              5.1979027000000571,
              0,
              null
            ],
            [
              96.009574567000072,
              5.1992472510000169,
              0,
              null
            ],
            [
              96.008872318000058,
              5.2002101700000196,
              0,
              null
            ],
            [
              96.0077704710001,
              5.2005091200000635,
              0,
              null
            ],
            [
              96.006668624000071,
              5.2008080670000183,
              0,
              null
            ],
            [
              96.005566777000112,
              5.2011070120000618,
              0,
              null
            ],
            [
              96.004253630999997,
              5.2019562780000754,
              0,
              null
            ],
            [
              96.003509390000062,
              5.2028652680000569,
              0,
              null
            ],
            [
              96.002254230000034,
              5.2034866670000461,
              0,
              null
            ],
            [
              96.001001787000064,
              5.2035377360000084,
              0,
              null
            ],
            [
              96.000145852000031,
              5.2039899290000307,
              0,
              null
            ],
            [
              96.000000000000043,
              5.2043145912863302,
              0,
              null
            ],
            [
              95.999915747000088,
              5.2045021360000447,
              0,
              null
            ],
            [
              95.999910067000059,
              5.2056998190001096,
              0,
              null
            ],
            [
              95.999938448000094,
              5.2073974280000606,
              0,
              null
            ],
            [
              95.999841522000068,
              5.2081519330000496,
              0,
              null
            ],
            [
              95.99909751900006,
              5.2090038910001084,
              0,
              null
            ],
            [
              95.999063648000103,
              5.2101443990000611,
              0,
              null
            ],
            [
              95.999029776000057,
              5.2112849050001024,
              0,
              null
            ],
            [
              95.998749002000096,
              5.212162150000033,
              0,
              null
            ],
            [
              95.998468226000043,
              5.2130393950000524,
              0,
              null
            ],
            [
              95.998187450000074,
              5.2139166380000717,
              0,
              null
            ],
            [
              95.998071011000036,
              5.2147337850000035,
              0,
              null
            ],
            [
              95.998180614000049,
              5.2153546280000356,
              0,
              null
            ],
            [
              95.998767262000086,
              5.2162597160000495,
              0,
              null
            ],
            [
              95.998849003000018,
              5.2168240380000235,
              0,
              null
            ],
            [
              95.998409792000089,
              5.2171863950000734,
              0,
              null
            ],
            [
              95.997602068000049,
              5.2170942419999982,
              0,
              null
            ],
            [
              95.997312853000011,
              5.2169058860000455,
              0,
              null
            ],
            [
              95.996514445000031,
              5.216030379000081,
              0,
              null
            ],
            [
              95.996235545000047,
              5.2158524710001046,
              0,
              null
            ],
            [
              95.995822076000124,
              5.2156479360000567,
              0,
              null
            ],
            [
              95.994786784000084,
              5.2154767900000181,
              0,
              null
            ],
            [
              95.994351560000041,
              5.2154902910000693,
              0,
              null
            ],
            [
              95.993858276000083,
              5.2157268320000121,
              0,
              null
            ],
            [
              95.993395199000048,
              5.2161504890000714,
              0,
              null
            ],
            [
              95.993201836000125,
              5.2165027300000837,
              0,
              null
            ],
            [
              95.993172375000086,
              5.2172504610000452,
              0,
              null
            ],
            [
              95.993263892000115,
              5.2176144450000521,
              0,
              null
            ],
            [
              95.993894489000056,
              5.2182770450000753,
              0,
              null
            ],
            [
              95.994525085000106,
              5.2189396460000097,
              0,
              null
            ],
            [
              95.99515568300005,
              5.2196022460000329,
              0,
              null
            ],
            [
              95.995448986000071,
              5.2200200200000495,
              0,
              null
            ],
            [
              95.995820517000084,
              5.2208263440000628,
              0,
              null
            ],
            [
              95.995915942000067,
              5.221512944000029,
              0,
              null
            ],
            [
              95.995909762000096,
              5.222130929000091,
              0,
              null
            ],
            [
              95.995840693000062,
              5.2227048160000571,
              0,
              null
            ],
            [
              95.995699929000054,
              5.222913004000052,
              0,
              null
            ],
            [
              95.995626387000101,
              5.2231810050001108,
              0,
              null
            ],
            [
              95.995266833000102,
              5.2235036310000709,
              0,
              null
            ],
            [
              95.994901934000012,
              5.2235693860000936,
              0,
              null
            ],
            [
              95.994604391999999,
              5.2232864170000397,
              0,
              null
            ],
            [
              95.994497634000055,
              5.2232875500000446,
              0,
              null
            ],
            [
              95.994254954000041,
              5.2235531139999907,
              0,
              null
            ],
            [
              95.99451996300003,
              5.2241157900000061,
              0,
              null
            ],
            [
              95.995044798000023,
              5.2244969300000115,
              0,
              null
            ],
            [
              95.993784401000099,
              5.2249179700000319,
              0,
              null
            ],
            [
              95.992524001999996,
              5.225339006000052,
              0,
              null
            ],
            [
              95.99139550600006,
              5.225929021000109,
              0,
              null
            ],
            [
              95.990267009000036,
              5.2265190340000771,
              0,
              null
            ],
            [
              95.989298995000055,
              5.2266969860000572,
              0,
              null
            ],
            [
              95.987674874000064,
              5.2264351640000655,
              0,
              null
            ],
            [
              95.986896831000081,
              5.22588502100011,
              0,
              null
            ],
            [
              95.986118790000006,
              5.2253348790000658,
              0,
              null
            ],
            [
              95.985271901000004,
              5.2257229680001132,
              0,
              null
            ],
            [
              95.984425012000017,
              5.2261110550000716,
              0,
              null
            ],
            [
              95.983157878000071,
              5.2265455480000504,
              0,
              null
            ],
            [
              95.981890744000026,
              5.226980037000029,
              0,
              null
            ],
            [
              95.980887866000003,
              5.2270315710000297,
              0,
              null
            ],
            [
              95.98041102100008,
              5.2271439710000038,
              0,
              null
            ],
            [
              95.979623028000063,
              5.226782981000067,
              0,
              null
            ],
            [
              95.979014032000038,
              5.2266380120000626,
              0,
              null
            ],
            [
              95.977848988000105,
              5.2271740350000933,
              0,
              null
            ],
            [
              95.976683944000072,
              5.2277100550000348,
              0,
              null
            ],
            [
              95.975967063000084,
              5.2278519300000497,
              0,
              null
            ],
            [
              95.975059473000044,
              5.227921612000042,
              0,
              null
            ],
            [
              95.974464551000025,
              5.2279672870000908,
              0,
              null
            ],
            [
              95.974151883999994,
              5.2279912920000342,
              0,
              null
            ],
            [
              95.973244296000047,
              5.2280609710000263,
              0,
              null
            ],
            [
              95.971501584000094,
              5.2283609350000653,
              0,
              null
            ],
            [
              95.970499655000054,
              5.2286793700000338,
              0,
              null
            ],
            [
              95.969497725000025,
              5.2289978040000911,
              0,
              null
            ],
            [
              95.968495795000081,
              5.2293162360000593,
              0,
              null
            ],
            [
              95.967493864000048,
              5.2296346650000274,
              0,
              null
            ],
            [
              95.966900964000018,
              5.2296990220000232,
              0,
              null
            ],
            [
              95.965697503000101,
              5.2293584180000856,
              0,
              null
            ],
            [
              95.964494043000087,
              5.2290178140000592,
              0,
              null
            ],
            [
              95.962815000000077,
              5.2283969990000294,
              0,
              null
            ],
            [
              95.961525001000012,
              5.2283939990000476,
              0,
              null
            ],
            [
              95.960235004000126,
              5.2283909960000656,
              0,
              null
            ],
            [
              95.959299616000095,
              5.228204325999986,
              0,
              null
            ],
            [
              95.958364231000061,
              5.2280176540000838,
              0,
              null
            ],
            [
              95.957428846000113,
              5.2278309810000927,
              0,
              null
            ],
            [
              95.956342350000099,
              5.2276919340000454,
              0,
              null
            ],
            [
              95.955255856000079,
              5.2275528860000868,
              0,
              null
            ],
            [
              95.954169362000073,
              5.2274138360000393,
              0,
              null
            ],
            [
              95.954053601000084,
              5.2265054930000225,
              0,
              null
            ],
            [
              95.953937839000005,
              5.2255971500000946,
              0,
              null
            ],
            [
              95.95371286300005,
              5.225067532000061,
              0,
              null
            ],
            [
              95.953438910000031,
              5.2239676920000093,
              0,
              null
            ],
            [
              95.9530587080001,
              5.2234580450000294,
              0,
              null
            ],
            [
              95.952689576000111,
              5.2227930040000707,
              0,
              null
            ],
            [
              95.952453929000072,
              5.2220986599999968,
              0,
              null
            ],
            [
              95.952505973000115,
              5.2208673530000809,
              0,
              null
            ],
            [
              95.95248690400004,
              5.2205747610000302,
              0,
              null
            ],
            [
              95.952389525000072,
              5.2204253860000165,
              0,
              null
            ],
            [
              95.952176633000036,
              5.2202295590000674,
              0,
              null
            ],
            [
              95.951795200000007,
              5.2200459030000594,
              0,
              null
            ],
            [
              95.951212624000036,
              5.2199132110000939,
              0,
              null
            ],
            [
              95.949793823000064,
              5.2198413870000131,
              0,
              null
            ],
            [
              95.948575673000079,
              5.2199340580000424,
              0,
              null
            ],
            [
              95.947720817000047,
              5.2198145090000985,
              0,
              null
            ],
            [
              95.946924653000067,
              5.2194644880000034,
              0,
              null
            ],
            [
              95.946301498000111,
              5.2190576059999998,
              0,
              null
            ],
            [
              95.945512726000047,
              5.2188807010000176,
              0,
              null
            ],
            [
              95.944788652000085,
              5.2188265510000669,
              0,
              null
            ],
            [
              95.944058634000086,
              5.2185168290001087,
              0,
              null
            ],
            [
              95.943378582000037,
              5.2176670200000501,
              0,
              null
            ],
            [
              95.943000198000078,
              5.2171941810000071,
              0,
              null
            ],
            [
              95.941896794000087,
              5.2164150510001122,
              0,
              null
            ],
            [
              95.940793392000003,
              5.2156359200000395,
              0,
              null
            ],
            [
              95.939867511000045,
              5.2142723580001054,
              0,
              null
            ],
            [
              95.939484881000098,
              5.2138392510000635,
              0,
              null
            ],
            [
              95.93909014200004,
              5.2129477900000225,
              0,
              null
            ],
            [
              95.938871198000044,
              5.2125734230000447,
              0,
              null
            ],
            [
              95.938473040000048,
              5.212161306000052,
              0,
              null
            ],
            [
              95.938084231000033,
              5.2114530030000665,
              0,
              null
            ],
            [
              95.937995783000076,
              5.2112918760000575,
              0,
              null
            ],
            [
              95.937518527000023,
              5.210422446000063,
              0,
              null
            ],
            [
              95.937426766000073,
              5.2101124390000813,
              0,
              null
            ],
            [
              95.937177780000084,
              5.2097724740000189,
              0,
              null
            ],
            [
              95.936259231000108,
              5.209271536000049,
              0,
              null
            ],
            [
              95.93562465300009,
              5.2091107470000679,
              0,
              null
            ],
            [
              95.934348662000033,
              5.2090093100000239,
              0,
              null
            ],
            [
              95.933072672000065,
              5.2089078720000686,
              0,
              null
            ],
            [
              95.931906351000109,
              5.2084233570000364,
              0,
              null
            ],
            [
              95.931141455000059,
              5.2077842160000891,
              0,
              null
            ],
            [
              95.930376561000088,
              5.207145075000053,
              0,
              null
            ],
            [
              95.930074854000082,
              5.2066149640000674,
              0,
              null
            ],
            [
              95.929498362000089,
              5.205926864000066,
              0,
              null
            ],
            [
              95.929479572000034,
              5.2059108820000759,
              0,
              null
            ],
            [
              95.928476717000109,
              5.2050578190000145,
              0,
              null
            ],
            [
              95.927284119000021,
              5.2041879520000727,
              0,
              null
            ],
            [
              95.926320240000024,
              5.2031573770000676,
              0,
              null
            ],
            [
              95.925576356000121,
              5.2028830520000184,
              0,
              null
            ],
            [
              95.925397263000036,
              5.2023594770000408,
              0,
              null
            ],
            [
              95.925402854000055,
              5.2021681600000207,
              0,
              null
            ],
            [
              95.925648539000051,
              5.2013084290000293,
              0,
              null
            ],
            [
              95.924999754000012,
              5.2005926920000505,
              0,
              null
            ],
            [
              95.924350970000063,
              5.1998769550000716,
              0,
              null
            ],
            [
              95.923671486000075,
              5.1987104440000103,
              0,
              null
            ],
            [
              95.922992003000076,
              5.1975439340000378,
              0,
              null
            ],
            [
              95.922318555000032,
              5.1966890520000923,
              0,
              null
            ],
            [
              95.921645109000096,
              5.1958341700000581,
              0,
              null
            ],
            [
              95.920971664000064,
              5.1949792890000239,
              0,
              null
            ],
            [
              95.920436371000093,
              5.1940560310000166,
              0,
              null
            ],
            [
              95.919901080000031,
              5.193132773000098,
              0,
              null
            ],
            [
              95.919365789000068,
              5.1922095160000907,
              0,
              null
            ],
            [
              95.918303620000103,
              5.190995998000048,
              0,
              null
            ],
            [
              95.917790686000032,
              5.1900772170000558,
              0,
              null
            ],
            [
              95.917277755000043,
              5.1891584350000635,
              0,
              null
            ],
            [
              95.916684689000093,
              5.187734524000021,
              0,
              null
            ],
            [
              95.916033511000037,
              5.187048155000074,
              0,
              null
            ],
            [
              95.915382333000068,
              5.1863617860000382,
              0,
              null
            ],
            [
              95.915004386000064,
              5.18556745300004,
              0,
              null
            ],
            [
              95.914845818000089,
              5.1845282380000306,
              0,
              null
            ],
            [
              95.91476984400002,
              5.183325471000078,
              0,
              null
            ],
            [
              95.914693869000047,
              5.1821227050000367,
              0,
              null
            ],
            [
              95.914337492000044,
              5.1812857890000679,
              0,
              null
            ],
            [
              95.913292923000128,
              5.1807203190000877,
              0,
              null
            ],
            [
              95.913077109000113,
              5.1804635700000716,
              0,
              null
            ],
            [
              95.913013763000023,
              5.1800987470000841,
              0,
              null
            ],
            [
              95.913109338000126,
              5.1794137100000697,
              0,
              null
            ],
            [
              95.913428114000027,
              5.1785828760000712,
              0,
              null
            ],
            [
              95.913435253999992,
              5.1782292820000357,
              0,
              null
            ],
            [
              95.913331079000088,
              5.1780000610000769,
              0,
              null
            ],
            [
              95.91349685000003,
              5.1766344060000584,
              0,
              null
            ],
            [
              95.913418656000047,
              5.1756859870001009,
              0,
              null
            ],
            [
              95.913466588000105,
              5.1738906170000547,
              0,
              null
            ],
            [
              95.913556170000049,
              5.1733886330000871,
              0,
              null
            ],
            [
              95.914137232000087,
              5.1721812900000224,
              0,
              null
            ],
            [
              95.914226834000033,
              5.1716749330000482,
              0,
              null
            ],
            [
              95.914205429000035,
              5.1706962030000696,
              0,
              null
            ],
            [
              95.914006982000046,
              5.1702845600000273,
              0,
              null
            ],
            [
              95.912921184000098,
              5.1695409380000505,
              0,
              null
            ],
            [
              95.912743993999996,
              5.1692386250000837,
              0,
              null
            ],
            [
              95.912537123000021,
              5.1678657880000038,
              0,
              null
            ],
            [
              95.912416199000063,
              5.1676423949999943,
              0,
              null
            ],
            [
              95.911096022000066,
              5.1667097610000106,
              0,
              null
            ],
            [
              95.910575712000096,
              5.1661742270000204,
              0,
              null
            ],
            [
              95.909580235000064,
              5.1653299570000648,
              0,
              null
            ],
            [
              95.908584761000029,
              5.1644856880001093,
              0,
              null
            ],
            [
              95.907722435000011,
              5.1635782099999865,
              0,
              null
            ],
            [
              95.907486489000021,
              5.1621874000000183,
              0,
              null
            ],
            [
              95.907872894000022,
              5.1611470510000927,
              0,
              null
            ],
            [
              95.908953163000049,
              5.1600058450000823,
              0,
              null
            ],
            [
              95.909995560000056,
              5.1595245390000493,
              0,
              null
            ],
            [
              95.911037955000069,
              5.1590432300001048,
              0,
              null
            ],
            [
              95.9111994350001,
              5.1580727890001015,
              0,
              null
            ],
            [
              95.910740539000059,
              5.1569082810000282,
              0,
              null
            ],
            [
              95.910517669000086,
              5.1565364609999946,
              0,
              null
            ],
            [
              95.910349059000083,
              5.1562551660000793,
              0,
              null
            ],
            [
              95.909915238000067,
              5.1558208900000295,
              0,
              null
            ],
            [
              95.909699822000007,
              5.1554270820000418,
              0,
              null
            ],
            [
              95.909605349000103,
              5.155053401000032,
              0,
              null
            ],
            [
              95.909811426000005,
              5.1546398630000994,
              0,
              null
            ],
            [
              95.909827726000032,
              5.1540101500000439,
              0,
              null
            ],
            [
              95.909603705000052,
              5.153748651000079,
              0,
              null
            ],
            [
              95.909063179,
              5.1537167890000184,
              0,
              null
            ],
            [
              95.90901881200007,
              5.1535757320000712,
              0,
              null
            ],
            [
              95.909127984000037,
              5.1534699740001138,
              0,
              null
            ],
            [
              95.90930044000001,
              5.1534336120000361,
              0,
              null
            ],
            [
              95.910328067000123,
              5.1535820980000651,
              0,
              null
            ],
            [
              95.910508469000035,
              5.1535457750000795,
              0,
              null
            ],
            [
              95.910461585000064,
              5.1533754810001113,
              0,
              null
            ],
            [
              95.910104663000112,
              5.153193048000027,
              0,
              null
            ],
            [
              95.910081341000051,
              5.1530839810000622,
              0,
              null
            ],
            [
              95.910696135000109,
              5.1531029130000299,
              0,
              null
            ],
            [
              95.91053181300002,
              5.1525547080000571,
              0,
              null
            ],
            [
              95.911020731000065,
              5.1517492580000273,
              0,
              null
            ],
            [
              95.911018664000068,
              5.1516270150000381,
              0,
              null
            ],
            [
              95.910624199000026,
              5.151537400000084,
              0,
              null
            ],
            [
              95.910049480000083,
              5.1509021680001048,
              0,
              null
            ],
            [
              95.910061035000055,
              5.1507055820000929,
              0,
              null
            ],
            [
              95.910175512000109,
              5.1505998490000486,
              0,
              null
            ],
            [
              95.910493342000038,
              5.1506439060000524,
              0,
              null
            ],
            [
              95.910662506000079,
              5.1507403930000422,
              0,
              null
            ],
            [
              95.911237898000081,
              5.1512347940000929,
              0,
              null
            ],
            [
              95.911396731000082,
              5.1512727660000373,
              0,
              null
            ],
            [
              95.911476384000096,
              5.1512439200000486,
              0,
              null
            ],
            [
              95.91165364500003,
              5.1507611510000721,
              0,
              null
            ],
            [
              95.911802409000074,
              5.1506901290000577,
              0,
              null
            ],
            [
              95.911905307000069,
              5.1507862850000201,
              0,
              null
            ],
            [
              95.911978300000058,
              5.1510390920000653,
              0,
              null
            ],
            [
              95.912102385000111,
              5.151138016000079,
              0,
              null
            ],
            [
              95.912301621000083,
              5.1510433180000597,
              0,
              null
            ],
            [
              95.912563485000078,
              5.1506034710000819,
              0,
              null
            ],
            [
              95.912856241000057,
              5.1503524490000068,
              0,
              null
            ],
            [
              95.912874915000003,
              5.1497785550000401,
              0,
              null
            ],
            [
              95.913065354000125,
              5.1493091370000137,
              0,
              null
            ],
            [
              95.913220057000046,
              5.1491052680000209,
              0,
              null
            ],
            [
              95.913501807000088,
              5.1489392250000492,
              0,
              null
            ],
            [
              95.913579378000108,
              5.1487907910000246,
              0,
              null
            ],
            [
              95.913582366000085,
              5.1481716530000448,
              0,
              null
            ],
            [
              95.913229192000088,
              5.1477633650001025,
              0,
              null
            ],
            [
              95.913314975000077,
              5.147561826000036,
              0,
              null
            ],
            [
              95.913613143000063,
              5.1472869080000265,
              0,
              null
            ],
            [
              95.913751071000021,
              5.1472636560000566,
              0,
              null
            ],
            [
              95.914095124000056,
              5.1473663110000238,
              0,
              null
            ],
            [
              95.914895551000114,
              5.1468148070000446,
              0,
              null
            ],
            [
              95.915098382000025,
              5.1465234810000098,
              0,
              null
            ],
            [
              95.915052764000066,
              5.1460901170000355,
              0,
              null
            ],
            [
              95.916039848000125,
              5.1458933970001013,
              0,
              null
            ],
            [
              95.916375757000111,
              5.1456266290000556,
              0,
              null
            ],
            [
              95.916738804000047,
              5.1447774440000487,
              0,
              null
            ],
            [
              95.917101850000066,
              5.1439282580000416,
              0,
              null
            ],
            [
              95.91833605900004,
              5.1428362410000155,
              0,
              null
            ],
            [
              95.918436482000089,
              5.1421962330000852,
              0,
              null
            ],
            [
              95.918583902000123,
              5.1419041489999877,
              0,
              null
            ],
            [
              95.918932584000103,
              5.1415093310000941,
              0,
              null
            ],
            [
              95.919427020000072,
              5.1411701240000056,
              0,
              null
            ],
            [
              95.920518417000039,
              5.1406752080000899,
              0,
              null
            ],
            [
              95.921018788000055,
              5.1403665250000401,
              0,
              null
            ],
            [
              95.921324350000106,
              5.1400813010000661,
              0,
              null
            ],
            [
              95.922028619000031,
              5.1391209110000062,
              0,
              null
            ],
            [
              95.922542030000059,
              5.1386292950000083,
              0,
              null
            ],
            [
              95.923547603000031,
              5.1381568250000846,
              0,
              null
            ],
            [
              95.924553175000099,
              5.137684353000072,
              0,
              null
            ],
            [
              95.925558747000082,
              5.1372118780000591,
              0,
              null
            ],
            [
              95.92672812500011,
              5.1363824680000008,
              0,
              null
            ],
            [
              95.927470077000038,
              5.1357674770000976,
              0,
              null
            ],
            [
              95.927652608000045,
              5.1356161800000137,
              0,
              null
            ],
            [
              95.928577089000058,
              5.1348498900000266,
              0,
              null
            ],
            [
              95.929334470000114,
              5.134354819000098,
              0,
              null
            ],
            [
              95.930091849000078,
              5.1338597450000805,
              0,
              null
            ],
            [
              95.930849228000028,
              5.1333646700000628,
              0,
              null
            ],
            [
              95.931782492000067,
              5.1324788830000472,
              0,
              null
            ],
            [
              95.932436995000046,
              5.132292438000075,
              0,
              null
            ],
            [
              95.932696895000049,
              5.1320999680000483,
              0,
              null
            ],
            [
              95.933226783000109,
              5.1313235250000204,
              0,
              null
            ],
            [
              95.933491094000047,
              5.1302078250000775,
              0,
              null
            ],
            [
              95.933821423000012,
              5.1299002850000335,
              0,
              null
            ],
            [
              95.935317243000057,
              5.12914084300008,
              0,
              null
            ],
            [
              95.936361946000076,
              5.1281607770000797,
              0,
              null
            ],
            [
              95.937297454000031,
              5.1276637950000818,
              0,
              null
            ],
            [
              95.938232962000072,
              5.127166812000084,
              0,
              null
            ],
            [
              95.939168469000037,
              5.1266698249999969,
              0,
              null
            ],
            [
              95.940233431000038,
              5.1257475420000702,
              0,
              null
            ],
            [
              95.941281568000079,
              5.1250000020000357,
              0,
              null
            ],
            [
              95.941851725999996,
              5.124694516999984,
              0,
              null
            ],
            [
              95.942197283999988,
              5.1241295060000418,
              0,
              null
            ],
            [
              95.942589597000037,
              5.1238138250000347,
              0,
              null
            ],
            [
              95.942871677000099,
              5.1234597380000473,
              0,
              null
            ],
            [
              95.943330739000075,
              5.1225500310000953,
              0,
              null
            ],
            [
              95.943497173000083,
              5.1223803940000927,
              0,
              null
            ],
            [
              95.9437358200001,
              5.12229995900001,
              0,
              null
            ],
            [
              95.945250652000126,
              5.1224004270000627,
              0,
              null
            ],
            [
              95.945865759000029,
              5.1224886090000759,
              0,
              null
            ],
            [
              95.946612958000046,
              5.122273666000055,
              0,
              null
            ],
            [
              95.946983539000058,
              5.1220674220000433,
              0,
              null
            ],
            [
              95.947328779000031,
              5.1216897380000574,
              0,
              null
            ],
            [
              95.947492875000108,
              5.1212779800000945,
              0,
              null
            ],
            [
              95.947674277000019,
              5.1212596219999966,
              0,
              null
            ],
            [
              95.948902016000076,
              5.1219140050000505,
              0,
              null
            ],
            [
              95.94982696700005,
              5.1225524340000277,
              0,
              null
            ],
            [
              95.950041517000031,
              5.1224066210000423,
              0,
              null
            ],
            [
              95.951070587000089,
              5.1220654130000547,
              0,
              null
            ],
            [
              95.951787322000072,
              5.1219021810000491,
              0,
              null
            ],
            [
              95.953073334000067,
              5.1217894420000469,
              0,
              null
            ],
            [
              95.954621273000072,
              5.1210987540000978,
              0,
              null
            ],
            [
              95.955219433000096,
              5.1206948850000771,
              0,
              null
            ],
            [
              95.955808862000097,
              5.1204168350000749,
              0,
              null
            ],
            [
              95.956354708000049,
              5.1202609410000548,
              0,
              null
            ],
            [
              95.957403409000051,
              5.1197007200000648,
              0,
              null
            ],
            [
              95.957625978000081,
              5.1193335190000582,
              0,
              null
            ],
            [
              95.957707811000006,
              5.1187418940000455,
              0,
              null
            ],
            [
              95.957864248000078,
              5.1183499050000307,
              0,
              null
            ],
            [
              95.958618091000105,
              5.1177125280000517,
              0,
              null
            ],
            [
              95.95930890200006,
              5.1176237450000777,
              0,
              null
            ],
            [
              95.960183204000018,
              5.1168284460000883,
              0,
              null
            ],
            [
              95.961108959000043,
              5.1163358050000944,
              0,
              null
            ],
            [
              95.96203471200009,
              5.1158431620000115,
              0,
              null
            ],
            [
              95.962451293000086,
              5.1157402540000234,
              0,
              null
            ],
            [
              95.963068376000081,
              5.1157583310000092,
              0,
              null
            ],
            [
              95.963659294000124,
              5.1156562490000006,
              0,
              null
            ],
            [
              95.963907615000068,
              5.1152495410000114,
              0,
              null
            ],
            [
              95.963899087000073,
              5.115086347000009,
              0,
              null
            ],
            [
              95.96354668900004,
              5.1146418280000887,
              0,
              null
            ],
            [
              95.9634711570001,
              5.11439207800003,
              0,
              null
            ],
            [
              95.963498801000071,
              5.1141987540000216,
              0,
              null
            ],
            [
              95.964052781000078,
              5.1133028670000584,
              0,
              null
            ],
            [
              95.9643599340001,
              5.1124967090000588,
              0,
              null
            ],
            [
              95.964341252000054,
              5.1122682040000704,
              0,
              null
            ],
            [
              95.96343168200012,
              5.1109318560000787,
              0,
              null
            ],
            [
              95.96319464000004,
              5.1101790590000533,
              0,
              null
            ],
            [
              95.962585734000115,
              5.1091669490000662,
              0,
              null
            ],
            [
              95.962534441000045,
              5.1087063780000612,
              0,
              null
            ],
            [
              95.96280242200001,
              5.1083195740000313,
              0,
              null
            ],
            [
              95.963618516000039,
              5.1075704500000434,
              0,
              null
            ],
            [
              95.964434609000051,
              5.1068213240000553,
              0,
              null
            ],
            [
              95.964495006000078,
              5.10649122700001,
              0,
              null
            ],
            [
              95.96442640300009,
              5.1060648039999883,
              0,
              null
            ],
            [
              95.964927823000011,
              5.105235965000066,
              0,
              null
            ],
            [
              95.965429242000113,
              5.104407126000055,
              0,
              null
            ],
            [
              95.965506065000071,
              5.1041990290000676,
              0,
              null
            ],
            [
              95.965528367000047,
              5.1036275060000307,
              0,
              null
            ],
            [
              95.965890981000115,
              5.1029802430000331,
              0,
              null
            ],
            [
              95.96595310100011,
              5.1025609959999834,
              0,
              null
            ],
            [
              95.965669519000087,
              5.1019709900000159,
              0,
              null
            ],
            [
              95.965595794000123,
              5.1012443140000201,
              0,
              null
            ],
            [
              95.965507422000087,
              5.1010363130000407,
              0,
              null
            ],
            [
              95.964687357000102,
              5.0997891110000531,
              0,
              null
            ],
            [
              95.963955315000106,
              5.0988263920000669,
              0,
              null
            ],
            [
              95.963810653000039,
              5.0985394570000402,
              0,
              null
            ],
            [
              95.96380609500001,
              5.09811770900005,
              0,
              null
            ],
            [
              95.96389464800005,
              5.0978231400001022,
              0,
              null
            ],
            [
              95.964359448000053,
              5.0972266160000395,
              0,
              null
            ],
            [
              95.964817612000033,
              5.096418108000023,
              0,
              null
            ],
            [
              95.965275774000105,
              5.0956095990000954,
              0,
              null
            ],
            [
              95.965810186000098,
              5.0948198010000283,
              0,
              null
            ],
            [
              95.966103055000076,
              5.094608061000006,
              0,
              null
            ],
            [
              95.966414467999996,
              5.0941272130000108,
              0,
              null
            ],
            [
              95.96704808600002,
              5.0929388740000086,
              0,
              null
            ],
            [
              95.967377922000054,
              5.0924636400000338,
              0,
              null
            ],
            [
              95.968033123000083,
              5.0918151300000218,
              0,
              null
            ],
            [
              95.968174553000054,
              5.0915833060001141,
              0,
              null
            ],
            [
              95.968751630000028,
              5.0901828920000618,
              0,
              null
            ],
            [
              95.968845876000003,
              5.0896010730000611,
              0,
              null
            ],
            [
              95.969228398000041,
              5.0891368620000215,
              0,
              null
            ],
            [
              95.969334144000086,
              5.0889232160001079,
              0,
              null
            ],
            [
              95.969414823000093,
              5.0884157820000446,
              0,
              null
            ],
            [
              95.969705599000079,
              5.0879980430000309,
              0,
              null
            ],
            [
              95.969717547000101,
              5.0876167260000109,
              0,
              null
            ],
            [
              95.969896829000007,
              5.0871199470001187,
              0,
              null
            ],
            [
              95.969944535000053,
              5.0867041249999971,
              0,
              null
            ],
            [
              95.970425235000036,
              5.0863372460000171,
              0,
              null
            ],
            [
              95.97086298100001,
              5.0858059880000255,
              0,
              null
            ],
            [
              95.971248387000102,
              5.0849400240000513,
              0,
              null
            ],
            [
              95.971545069000044,
              5.0844992910000002,
              0,
              null
            ],
            [
              95.972383414000049,
              5.0837343680000373,
              0,
              null
            ],
            [
              95.97300916600004,
              5.0833225710000711,
              0,
              null
            ],
            [
              95.973577566000088,
              5.082748369000079,
              0,
              null
            ],
            [
              95.974858601000037,
              5.0821951370000455,
              0,
              null
            ],
            [
              95.975128274000056,
              5.0819384070000311,
              0,
              null
            ],
            [
              95.976121908000025,
              5.0805209910000819,
              0,
              null
            ],
            [
              95.976755269000108,
              5.079753776000107,
              0,
              null
            ],
            [
              95.977077895000065,
              5.0794184870000763,
              0,
              null
            ],
            [
              95.977493678000101,
              5.0792322280000306,
              0,
              null
            ],
            [
              95.97838123999999,
              5.0790333190000929,
              0,
              null
            ],
            [
              95.979140867000055,
              5.0787297900000254,
              0,
              null
            ],
            [
              95.979966621000074,
              5.0785429640000217,
              0,
              null
            ],
            [
              95.980788347000029,
              5.0781629600000215,
              0,
              null
            ],
            [
              95.981264544000084,
              5.0782617730000261,
              0,
              null
            ],
            [
              95.981988650000048,
              5.0786911140000228,
              0,
              null
            ],
            [
              95.982425403000036,
              5.0787748900000267,
              0,
              null
            ],
            [
              95.983364368000096,
              5.0787692310000025,
              0,
              null
            ],
            [
              95.984303333000071,
              5.0787635710000671,
              0,
              null
            ],
            [
              95.985242299000049,
              5.0787579100000428,
              0,
              null
            ],
            [
              95.986618401000044,
              5.0788782540000526,
              0,
              null
            ],
            [
              95.987721190000073,
              5.0788532590000273,
              0,
              null
            ],
            [
              95.988298541000063,
              5.0790067280000244,
              0,
              null
            ],
            [
              95.989673633000052,
              5.078837505000056,
              0,
              null
            ],
            [
              95.990436989000074,
              5.0782529840000983,
              0,
              null
            ],
            [
              95.991200344000077,
              5.0776684620000516,
              0,
              null
            ],
            [
              95.991660856000081,
              5.0767775940000597,
              0,
              null
            ],
            [
              95.992121366000077,
              5.0758867259999789,
              0,
              null
            ],
            [
              95.992473575000091,
              5.0749191170000323,
              0,
              null
            ],
            [
              95.992825782000097,
              5.0739515070000856,
              0,
              null
            ],
            [
              95.993177988000113,
              5.0729838950000499,
              0,
              null
            ],
            [
              95.99353019000003,
              5.0720162830000142,
              0,
              null
            ],
            [
              95.9942330800001,
              5.0704077620000625,
              0,
              null
            ],
            [
              95.99469509000005,
              5.0691901750000383,
              0,
              null
            ],
            [
              95.995157097000074,
              5.0679725870000141,
              0,
              null
            ],
            [
              95.995957562000058,
              5.0671921920000145,
              0,
              null
            ],
            [
              95.996758026000023,
              5.0664117960001036,
              0,
              null
            ],
            [
              95.997558487000092,
              5.0656313960001036,
              0,
              null
            ],
            [
              95.998094451000028,
              5.0648946999999893,
              0,
              null
            ],
            [
              95.998630415000051,
              5.0641580020000525,
              0,
              null
            ],
            [
              95.99916637700008,
              5.0634213030000268,
              0,
              null
            ],
            [
              95.999702337000102,
              5.062684603000001,
              0,
              null
            ],
            [
              96.000000000000043,
              5.0622754518885209,
              0,
              null
            ],
            [
              96.000238297000038,
              5.0619479020000639,
              0,
              null
            ],
            [
              96.000774254000063,
              5.0612111990000379,
              0,
              null
            ],
            [
              96.001310211000003,
              5.0604744960000119,
              0,
              null
            ],
            [
              96.00190999700007,
              5.0597865270000213,
              0,
              null
            ],
            [
              96.002509782000047,
              5.0590985570000306,
              0,
              null
            ],
            [
              96.003109565000017,
              5.0584105850000398,
              0,
              null
            ],
            [
              96.003709347000083,
              5.057722613000049,
              0,
              null
            ],
            [
              96.004309129000063,
              5.0570346380000579,
              0,
              null
            ],
            [
              96.004908908000033,
              5.0563466630000669,
              0,
              null
            ],
            [
              96.005899378000009,
              5.0557017350000848,
              0,
              null
            ],
            [
              96.006889846000078,
              5.0550568040001025,
              0,
              null
            ],
            [
              96.007771808000129,
              5.0545196180000644,
              0,
              null
            ],
            [
              96.008653768000002,
              5.0539824290000261,
              0,
              null
            ],
            [
              96.00953572800006,
              5.0534452390000766,
              0,
              null
            ],
            [
              96.010417686000025,
              5.052908046000038,
              0,
              null
            ],
            [
              96.011501425000077,
              5.0521088879999958,
              0,
              null
            ],
            [
              96.012585161000032,
              5.0513097270000422,
              0,
              null
            ],
            [
              96.013268594000095,
              5.050323137000035,
              0,
              null
            ],
            [
              96.013952024000062,
              5.0493365450001164,
              0,
              null
            ],
            [
              96.014512011000036,
              5.0483493820000618,
              0,
              null
            ],
            [
              96.015071996000103,
              5.0473622200000072,
              0,
              null
            ],
            [
              96.015421927000006,
              5.0464211610000369,
              0,
              null
            ],
            [
              96.01577185700009,
              5.0454801030000667,
              0,
              null
            ],
            [
              96.016121785999999,
              5.0445390440000075,
              0,
              null
            ],
            [
              96.01680355900001,
              5.0436775130000449,
              0,
              null
            ],
            [
              96.017485331000032,
              5.042815980000082,
              0,
              null
            ],
            [
              96.01853526900004,
              5.0422958270000322,
              0,
              null
            ],
            [
              96.019585207000048,
              5.0417756700000709,
              0,
              null
            ],
            [
              96.021065775000068,
              5.0414118910000809,
              0,
              null
            ],
            [
              96.022175233000027,
              5.0413552210000994,
              0,
              null
            ],
            [
              96.023463809000063,
              5.0420974070000462,
              0,
              null
            ],
            [
              96.023998229000043,
              5.0430642380000172,
              0,
              null
            ],
            [
              96.02515526300003,
              5.0440564110000423,
              0,
              null
            ],
            [
              96.026188194000056,
              5.044623335000054,
              0,
              null
            ],
            [
              96.027495345000034,
              5.045082386000022,
              0,
              null
            ],
            [
              96.028044594999997,
              5.0454089880000446,
              0,
              null
            ],
            [
              96.028293959000024,
              5.0456879150000304,
              0,
              null
            ],
            [
              96.028717726000096,
              5.0467745620000564,
              0,
              null
            ],
            [
              96.02905817700011,
              5.0473283950000507,
              0,
              null
            ],
            [
              96.029478417000064,
              5.0477436950000403,
              0,
              null
            ],
            [
              96.030162015000045,
              5.0482594100000782,
              0,
              null
            ],
            [
              96.031012215000047,
              5.0491264380000516,
              0,
              null
            ],
            [
              96.03144684300004,
              5.0500014840000667,
              0,
              null
            ],
            [
              96.031598422000059,
              5.0514771090000359,
              0,
              null
            ],
            [
              96.031940527000032,
              5.0516704790000482,
              0,
              null
            ],
            [
              96.032130892000069,
              5.051869777000018,
              0,
              null
            ],
            [
              96.032245212000106,
              5.052111714000052,
              0,
              null
            ],
            [
              96.032342906000025,
              5.0528057460000113,
              0,
              null
            ],
            [
              96.032572526000095,
              5.0530521850000625,
              0,
              null
            ],
            [
              96.03308071400005,
              5.0532836670000307,
              0,
              null
            ],
            [
              96.034062379000005,
              5.0535152140000932,
              0,
              null
            ],
            [
              96.035044045000049,
              5.0537467610000668,
              0,
              null
            ],
            [
              96.036025713000086,
              5.0539783060000403,
              0,
              null
            ],
            [
              96.037535608000056,
              5.0539515840000497,
              0,
              null
            ],
            [
              96.038710671000018,
              5.0537776170000441,
              0,
              null
            ],
            [
              96.039885733000077,
              5.0536036480000384,
              0,
              null
            ],
            [
              96.041060797000057,
              5.0534296780000325,
              0,
              null
            ],
            [
              96.042638268000104,
              5.0533023710000684,
              0,
              null
            ],
            [
              96.043577667000108,
              5.0533066570000678,
              0,
              null
            ],
            [
              96.044910784000095,
              5.0541276030000475,
              0,
              null
            ],
            [
              96.045446745000035,
              5.0555801120000581,
              0,
              null
            ],
            [
              96.045259600000094,
              5.0569688940000361,
              0,
              null
            ],
            [
              96.044672668000032,
              5.0578926430000841,
              0,
              null
            ],
            [
              96.044085732000042,
              5.0588163910000432,
              0,
              null
            ],
            [
              96.043498795000062,
              5.059740137000091,
              0,
              null
            ],
            [
              96.04285995400005,
              5.0605980340001082,
              0,
              null
            ],
            [
              96.042221110000042,
              5.0614559290000365,
              0,
              null
            ],
            [
              96.042834595000087,
              5.0622170760000422,
              0,
              null
            ],
            [
              96.043558229000013,
              5.0628270570000637,
              0,
              null
            ],
            [
              96.044281864000112,
              5.0634370380000853,
              0,
              null
            ],
            [
              96.045108973000069,
              5.0644865360000573,
              0,
              null
            ],
            [
              96.045891822000002,
              5.0653509020000769,
              0,
              null
            ],
            [
              96.046674673000027,
              5.0662152680000965,
              0,
              null
            ],
            [
              96.047457526000059,
              5.0670796350000273,
              0,
              null
            ],
            [
              96.048235212000094,
              5.0676220080000505,
              0,
              null
            ],
            [
              96.048747634000037,
              5.0678518510000607,
              0,
              null
            ],
            [
              96.049755247000093,
              5.0685988350000493,
              0,
              null
            ],
            [
              96.050743593000078,
              5.0692080320000947,
              0,
              null
            ],
            [
              96.051731942000046,
              5.0698172290000514,
              0,
              null
            ],
            [
              96.05322900100002,
              5.0705983740000242,
              0,
              null
            ],
            [
              96.054012102000058,
              5.0708254570000726,
              0,
              null
            ],
            [
              96.054588091000113,
              5.0718174990000868,
              0,
              null
            ],
            [
              96.05408660000009,
              5.072133686000047,
              0,
              null
            ],
            [
              96.053592512000066,
              5.072307610000049,
              0,
              null
            ],
            [
              96.05185836900003,
              5.0724928120000961,
              0,
              null
            ],
            [
              96.051472522000083,
              5.0726401230000278,
              0,
              null
            ],
            [
              96.051085551000128,
              5.0730347540000835,
              0,
              null
            ],
            [
              96.050377781000094,
              5.0741326280000614,
              0,
              null
            ],
            [
              96.049797813000069,
              5.0753598289999928,
              0,
              null
            ],
            [
              96.049590889000086,
              5.0770257890000785,
              0,
              null
            ],
            [
              96.049177797000098,
              5.0779623800000344,
              0,
              null
            ],
            [
              96.048705551000111,
              5.0785327940000684,
              0,
              null
            ],
            [
              96.048118475000123,
              5.0790925180000173,
              0,
              null
            ],
            [
              96.047730911000116,
              5.0796158860000666,
              0,
              null
            ],
            [
              96.047390000000064,
              5.0802817630000945,
              0,
              null
            ],
            [
              96.0473367580001,
              5.0808439300000678,
              0,
              null
            ],
            [
              96.047154645000035,
              5.081510534000067,
              0,
              null
            ],
            [
              96.046349164000006,
              5.0825435740000984,
              0,
              null
            ],
            [
              96.045705245000107,
              5.0829708990000171,
              0,
              null
            ],
            [
              96.046346910000082,
              5.082941180000045,
              0,
              null
            ],
            [
              96.047548271000011,
              5.0832305650000968,
              0,
              null
            ],
            [
              96.048168495000084,
              5.0839911390000552,
              0,
              null
            ],
            [
              96.048337003000086,
              5.0843825180000195,
              0,
              null
            ],
            [
              96.04862244300007,
              5.0857391950000057,
              0,
              null
            ],
            [
              96.048778943000059,
              5.0859640360000462,
              0,
              null
            ],
            [
              96.048837260000084,
              5.0862460510000211,
              0,
              null
            ],
            [
              96.04844809100004,
              5.0870980470000831,
              0,
              null
            ],
            [
              96.048365579000048,
              5.0879194290000989,
              0,
              null
            ],
            [
              96.048447341000056,
              5.0881951459999968,
              0,
              null
            ],
            [
              96.048770827000098,
              5.0886768780000651,
              0,
              null
            ],
            [
              96.048967846000053,
              5.0893522679999919,
              0,
              null
            ],
            [
              96.049071696000027,
              5.0903858180000654,
              0,
              null
            ],
            [
              96.049492638000046,
              5.0909683190000337,
              0,
              null
            ],
            [
              96.050587049000086,
              5.0918420630000298,
              0,
              null
            ],
            [
              96.051438623000109,
              5.092287801000051,
              0,
              null
            ],
            [
              96.052229647000019,
              5.0933024770000728,
              0,
              null
            ],
            [
              96.053020672000102,
              5.0943171540000947,
              0,
              null
            ],
            [
              96.054239457000037,
              5.0955028040000521,
              0,
              null
            ],
            [
              96.054685551000006,
              5.0962401600000433,
              0,
              null
            ],
            [
              96.055052468000071,
              5.0971580200000481,
              0,
              null
            ],
            [
              96.055419386000054,
              5.098075881000053,
              0,
              null
            ],
            [
              96.055786305000041,
              5.0989937420000579,
              0,
              null
            ],
            [
              96.056153223000109,
              5.0999116030000629,
              0,
              null
            ],
            [
              96.056809683000068,
              5.1012073430000697,
              0,
              null
            ],
            [
              96.057333314000061,
              5.1018027410000393,
              0,
              null
            ],
            [
              96.057979912000093,
              5.1019693510000579,
              0,
              null
            ],
            [
              96.057554074000024,
              5.1024758950000475,
              0,
              null
            ],
            [
              96.056944811000065,
              5.1028754290000649,
              0,
              null
            ],
            [
              96.05626739800006,
              5.1035540410000806,
              0,
              null
            ],
            [
              96.055684345000046,
              5.1043169000000503,
              0,
              null
            ],
            [
              96.055327639000012,
              5.1049345870000877,
              0,
              null
            ],
            [
              96.055201687000078,
              5.1060226420000525,
              0,
              null
            ],
            [
              96.055235679000049,
              5.1072073450000204,
              0,
              null
            ],
            [
              96.055445786000021,
              5.1086495090000632,
              0,
              null
            ],
            [
              96.055748733000129,
              5.110268466000079,
              0,
              null
            ],
            [
              96.053821225000078,
              5.1123344210000425,
              0,
              null
            ],
            [
              96.053615591000025,
              5.1125300590000649,
              0,
              null
            ],
            [
              96.052847180000043,
              5.1132997790000694,
              0,
              null
            ],
            [
              96.048645463000113,
              5.1175355040000596,
              0,
              null
            ],
            [
              96.047942842000069,
              5.1184330069999788,
              0,
              null
            ],
            [
              96.045661893000073,
              5.1211730710000296,
              0,
              null
            ],
            [
              96.045148816000079,
              5.1225660010000844,
              0,
              null
            ],
            [
              96.041705832000048,
              5.1272310660000713,
              0,
              null
            ],
            [
              96.040449828000035,
              5.1293720410000248,
              0,
              null
            ],
            [
              96.040324876000085,
              5.1295850300000616,
              0,
              null
            ],
            [
              96.039783562000068,
              5.130249995000014,
              0,
              null
            ],
            [
              96.037658881000127,
              5.1330497100000265,
              0,
              null
            ],
            [
              96.03711123600003,
              5.1337024550000336,
              0,
              null
            ],
            [
              96.034887718000078,
              5.135656276000045,
              0,
              null
            ],
            [
              96.032239913000112,
              5.1372665170000502,
              0,
              null
            ],
            [
              96.029510096000109,
              5.1381931790000728,
              0,
              null
            ],
            [
              96.026777105000022,
              5.139802986000042,
              0,
              null
            ],
            [
              96.02472348900001,
              5.1418429310000739,
              0,
              null
            ],
            [
              96.024854051000077,
              5.1421650969999959,
              0,
              null
            ],
            [
              96.023466607000032,
              5.1433455580000569,
              0,
              null
            ],
            [
              96.02341324300005,
              5.1433872900000459,
              0,
              null
            ],
            [
              96.023366274000068,
              5.1434348210000707,
              0,
              null
            ],
            [
              96.020960974000005,
              5.1453158490000099,
              0,
              null
            ],
            [
              96.02062477300008,
              5.1455787670000923,
              0,
              null
            ],
            [
              96.020529898000049,
              5.145652962000014,
              0,
              null
            ],
            [
              96.02051090500008,
              5.1456678130000881,
              0,
              null
            ],
            [
              96.020477361000047,
              5.1456940490000385,
              0,
              null
            ],
            [
              96.020425044000078,
              5.1457349600000484,
              0,
              null
            ],
            [
              96.020478306000129,
              5.1459640829999991,
              0,
              null
            ],
            [
              96.019408210000051,
              5.1463948950000287,
              0,
              null
            ],
            [
              96.018626314000102,
              5.146901230000001,
              0,
              null
            ],
            [
              96.017844417000077,
              5.1474075620000619,
              0,
              null
            ],
            [
              96.017062518000031,
              5.1479138930000339,
              0,
              null
            ],
            [
              96.016280618000096,
              5.1484202230000946,
              0,
              null
            ],
            [
              96.01549871900005,
              5.1489265500000663,
              0,
              null
            ],
            [
              96.014716817000107,
              5.1494328760000379,
              0,
              null
            ],
            [
              96.013934916000068,
              5.1499392000000981,
              0,
              null
            ],
            [
              96.013153012000032,
              5.1504455230000694,
              0,
              null
            ],
            [
              96.012371108000096,
              5.1509518440000406,
              0,
              null
            ],
            [
              96.011644987000054,
              5.1515717059999915,
              0,
              null
            ],
            [
              96.010918864000104,
              5.1521915680000312,
              0,
              null
            ],
            [
              96.010192739000061,
              5.1528114260000706,
              0,
              null
            ],
            [
              96.009466614000118,
              5.1534312850001101,
              0,
              null
            ],
            [
              96.008956721000018,
              5.1542046560000614,
              0,
              null
            ],
            [
              96.008446827000029,
              5.1549780270000127,
              0,
              null
            ],
            [
              96.007936931000117,
              5.1557513960000527,
              0,
              null
            ],
            [
              96.007427035000021,
              5.1565247650000039,
              0,
              null
            ],
            [
              96.00727062600005,
              5.1571936100000109,
              0,
              null
            ],
            [
              96.007268568000057,
              5.1576326700000124,
              0,
              null
            ],
            [
              96.007905839000031,
              5.1587040760000207,
              0,
              null
            ],
            [
              96.008034471000101,
              5.1592901090000147,
              0,
              null
            ],
            [
              96.007959957000068,
              5.1596154020000178,
              0,
              null
            ],
            [
              96.007769352000096,
              5.159793791000034,
              0,
              null
            ],
            [
              96.006570365000101,
              5.1602162310000814,
              0,
              null
            ],
            [
              96.00640864500005,
              5.1604606160000515,
              0,
              null
            ],
            [
              96.006410800000054,
              5.1607789510000117,
              0,
              null
            ],
            [
              96.006753324000059,
              5.1616678530000186,
              0,
              null
            ],
            [
              96.007095848000063,
              5.1625567550000255,
              0,
              null
            ],
            [
              96.007134154000127,
              5.1629520320000459,
              0,
              null
            ],
            [
              96.006905043000089,
              5.1635547390000873,
              0,
              null
            ],
            [
              96.006683850000087,
              5.1640293540000108,
              0,
              null
            ],
            [
              96.006339007000065,
              5.1644119120000447,
              0,
              null
            ],
            [
              96.006148633000024,
              5.1649066990000385,
              0,
              null
            ],
            [
              96.005634208000103,
              5.1652867230000403,
              0,
              null
            ],
            [
              96.005517194000006,
              5.1661130840001128,
              0,
              null
            ],
            [
              96.005421245000065,
              5.1663394840000159,
              0,
              null
            ],
            [
              96.005175930000107,
              5.1665102940000267,
              0,
              null
            ],
            [
              96.00420650800001,
              5.1668378060000357,
              0,
              null
            ],
            [
              96.003237087000088,
              5.1671653150000445,
              0,
              null
            ],
            [
              96.002776730000008,
              5.1675457420000797,
              0,
              null
            ],
            [
              96.002363353000092,
              5.1681642920000108,
              0,
              null
            ],
            [
              96.001945844000005,
              5.1692061510000613,
              0,
              null
            ],
            [
              96.00152833300011,
              5.1702480080000228,
              0,
              null
            ],
            [
              96.001110820000108,
              5.1712898650000731,
              0,
              null
            ],
            [
              96.000548564000042,
              5.172878666999992,
              0,
              null
            ],
            [
              96.00036613500005,
              5.1738261750000518,
              0,
              null
            ],
            [
              96.000183703000047,
              5.1747736830001116,
              0,
              null
            ],
            [
              96.000165297000123,
              5.1756580990000138,
              0,
              null
            ],
            [
              96.000648447000046,
              5.1768594100000236,
              0,
              null
            ],
            [
              96.00073178800001,
              5.1775478300000515,
              0,
              null
            ],
            [
              96.000627746000106,
              5.1785279380000553,
              0,
              null
            ],
            [
              96.000224910000085,
              5.1796287990000138,
              0,
              null
            ],
            [
              96.00015065100007,
              5.1807209260000491,
              0,
              null
            ],
            [
              96.000131755000012,
              5.1819093320000569,
              0,
              null
            ],
            [
              96.000260358999995,
              5.1824370020000181,
              0,
              null
            ],
            [
              96.000464455000014,
              5.1828012400000461,
              0,
              null
            ],
            [
              96.000628442000078,
              5.1829769400000174,
              0,
              null
            ],
            [
              96.000835523000063,
              5.183055224000011,
              0,
              null
            ],
            [
              96.001699310000035,
              5.1828306110000781,
              0,
              null
            ],
            [
              96.002001310000068,
              5.1828996800000198,
              0,
              null
            ],
            [
              96.002555634000018,
              5.1835204600000466,
              0,
              null
            ],
            [
              96.002979899000124,
              5.1835788369999918,
              0,
              null
            ],
            [
              96.00315473400012,
              5.183674681000106,
              0,
              null
            ],
            [
              96.003815829000104,
              5.1844622170000747,
              0,
              null
            ],
            [
              96.003992094000026,
              5.1849941560000339,
              0,
              null
            ],
            [
              96.004404477000051,
              5.1855275510000247,
              0,
              null
            ],
            [
              96.00472658700005,
              5.1856197360000138,
              0,
              null
            ],
            [
              96.005665763000039,
              5.1854358790000781,
              0,
              null
            ],
            [
              96.006032458000007,
              5.185427953000044,
              0,
              null
            ],
            [
              96.006303210000027,
              5.1856450330000641,
              0,
              null
            ],
            [
              96.006723880000024,
              5.1862690510000924,
              0,
              null
            ],
            [
              96.007854895000079,
              5.1873760260000239,
              0,
              null
            ],
            [
              96.007905792000017,
              5.1878443640000498,
              0,
              null
            ],
            [
              96.007809431000041,
              5.1881579410000604,
              0,
              null
            ],
            [
              96.007381762000094,
              5.1883010720000904,
              0,
              null
            ],
            [
              96.007092613000069,
              5.1882336740000206,
              0,
              null
            ],
            [
              96.006523359000127,
              5.187713309000042,
              0,
              null
            ],
            [
              96.006048098000065,
              5.1874582590000777,
              0,
              null
            ],
            [
              96.005682984000046,
              5.1874726320000235,
              0,
              null
            ],
            [
              96.005487373000022,
              5.1876891120000828,
              0,
              null
            ],
            [
              96.00525471900005,
              5.1885499850000798,
              0,
              null
            ],
            [
              96.004713907000067,
              5.1893634750000643,
              0,
              null
            ],
            [
              96.004445654000079,
              5.1902729529999974,
              0,
              null
            ],
            [
              96.003396877000071,
              5.1906458790000336,
              0,
              null
            ],
            [
              96.002991808000047,
              5.1910843619999874,
              0,
              null
            ],
            [
              96.002775442000086,
              5.1917393860000942,
              0,
              null
            ],
            [
              96.002919008000063,
              5.1919481440000474,
              0,
              null
            ],
            [
              96.003491176000068,
              5.1922676210000134,
              0,
              null
            ],
            [
              96.004501174000055,
              5.1922740060000088,
              0,
              null
            ],
            [
              96.004660426000086,
              5.1923467539999884,
              0,
              null
            ],
            [
              96.004737435000067,
              5.1924805740000473,
              0,
              null
            ],
            [
              96.00467045000002,
              5.1926602350000799,
              0,
              null
            ],
            [
              96.004035229000053,
              5.1928495620000241,
              0,
              null
            ],
            [
              96.003856469000084,
              5.1929509390000632,
              0,
              null
            ],
            [
              96.003661019000077,
              5.1931954530000439,
              0,
              null
            ],
            [
              96.003600941000087,
              5.1934341780000786,
              0,
              null
            ],
            [
              96.003751136000076,
              5.1939095610000656,
              0,
              null
            ],
            [
              96.004043699000036,
              5.1940678900000208,
              0,
              null
            ],
            [
              96.00577296000003,
              5.1943182860000441,
              0,
              null
            ],
            [
              96.006300553000074,
              5.1943351860000213,
              0,
              null
            ],
            [
              96.006567221000111,
              5.1942496130000464,
              0,
              null
            ],
            [
              96.006984026000055,
              5.1937659099999927,
              0,
              null
            ],
            [
              96.00701984300008,
              5.1934881950000182,
              0,
              null
            ],
            [
              96.006774456000116,
              5.1929374430001012,
              0,
              null
            ],
            [
              96.006990950000088,
              5.1928589480000014,
              0,
              null
            ],
            [
              96.007241504000035,
              5.1928978000000185,
              0,
              null
            ],
            [
              96.007786634000112,
              5.1935462040000218,
              0,
              null
            ],
            [
              96.008361064000027,
              5.1937998400000467,
              0,
              null
            ],
            [
              96.008629644000052,
              5.1938601460000626,
              0,
              null
            ],
            [
              96.009209097000038,
              5.1936916980000696,
              0,
              null
            ],
            [
              96.009404538000041,
              5.1937127820000377,
              0,
              null
            ],
            [
              96.010435681000089,
              5.1944387450000633,
              0,
              null
            ],
            [
              96.011289197000011,
              5.1947448510000775,
              0,
              null
            ],
            [
              96.011521370000125,
              5.1949043320000392,
              0,
              null
            ],
            [
              96.011495030000077,
              5.1951712720000103,
              0,
              null
            ],
            [
              96.011313943000104,
              5.1954035510000445,
              0,
              null
            ],
            [
              96.011054322000035,
              5.1953800750000561,
              0,
              null
            ],
            [
              96.01041724500007,
              5.1950669369999929,
              0,
              null
            ],
            [
              96.010203966000105,
              5.1951172640000713,
              0,
              null
            ],
            [
              96.010042584000075,
              5.1952762170000781,
              0,
              null
            ],
            [
              96.009998917000104,
              5.1961039800000002,
              0,
              null
            ],
            [
              96.010713901000017,
              5.1965699900000999,
              0,
              null
            ]
          ]
        ]
      },
      "properties" : {
        "FID" : 0,
        "KDPPUM" : " ",
        "NAMOBJ" : "TIRO",
        "REMARK" : "Wilayah Administrasi Kecamatan",
        "KDPBPS" : " ",
        "FCODE" : " ",
        "LUASWH" : 0,
        "UUPP" : " ",
        "SRS_ID" : " ",
        "LCODE" : "BA0080",
        "METADATA" : " ",
        "KDEBPS" : " ",
        "KDEPUM" : " ",
        "KDCBPS" : " ",
        "KDCPUM" : " ",
        "KDBBPS" : " ",
        "KDBPUM" : " ",
        "WADMKD" : " ",
        "WIADKD" : " ",
        "WADMKC" : " ",
        "WIADKC" : " ",
        "WADMKK" : "PIDIE",
        "WIADKK" : " ",
        "WADMPR" : "ACEH",
        "WIADPR" : " ",
        "TIPADM" : 0,
        "Shape_Leng" : 0.61460692947200002,
        "Shape_Area" : 0.0142184190485
      }
    }
  ]
}